,TSM-PS12(5),TSM-AS10(11),TSM-AS34(6),TSM-PS20(6),TSM-PS19(5),TSM-AS20(11),TSM-AS19(11),TSM-AS27(5),TSM-AS18(11),TSM-AS11(11),TSM-AS17(11),TSM-AS35(5),TSM-AS12(11),TSM-PS33(5),TSM-PS27(5),TSM-AS33(5),TSM-AS39(5),TSM-AS36(5),TSM-AS30(5),TSM-AS29(5),TSM-AS5(11),TSM-AS37(5),TSM-AS31(5),TSM-PS32(5),PRM1,PRM2,PRM3,PRM4,PRM5,PRM6,PRM7,PRM8,PRM9,PRM10,PRM11,PRM12,PRM13,PRM14,PRM15,PRM16,PRM17,PRM18,PRM19,PRM20,PRM21,PRM22,PRM23,PRM24
0,60.5603,60.5603,60.5603,60.5603,60.5603,60.5603,60.5603,60.5603,60.5603,60.5603,60.5603,60.5603,60.5603,60.5603,60.5603,60.5603,60.5603,60.5603,60.5603,60.5603,60.5603,60.5603,60.5603,60.5603,60.5603,60.5603,60.5603,60.5603,60.5603,60.5603,60.5603,60.5603,60.5603,60.5603,60.5603,60.5603,60.5603,60.5603,60.5603,60.5603,60.5603,60.5603,60.5603,60.5603,60.5603,60.5603,60.5603,60.5603
1,65.1076,65.1076,65.1076,65.1076,65.1076,65.1076,65.1076,65.1076,65.1076,65.1076,65.1076,65.1076,65.1076,65.1076,65.1076,65.1076,65.1076,65.1076,65.1076,65.1076,65.1076,65.1076,65.1076,65.1076,65.1076,65.1076,65.1076,65.1076,65.1076,65.1076,65.1076,65.1076,65.1076,65.1076,65.1076,65.1076,65.1076,65.1076,65.1076,65.1076,65.1076,65.1076,65.1076,65.1076,65.1076,65.1076,65.1076,65.1076
2,78.146,78.146,78.146,78.146,78.146,78.146,78.146,78.146,78.146,78.146,78.146,78.146,78.146,78.146,78.146,78.146,78.146,78.146,78.146,78.146,78.146,78.146,78.146,78.146,78.146,78.146,78.146,78.146,78.146,78.146,78.146,78.146,78.146,78.146,78.146,78.146,78.146,78.146,78.146,78.146,78.146,78.146,78.146,78.146,78.146,78.146,78.146,78.146
3,78.4688,78.4688,78.4688,78.4688,78.4688,78.4688,78.4688,78.4688,78.4688,78.4688,78.4688,78.4688,78.4688,78.4688,78.4688,78.4688,78.4688,78.4688,78.4688,78.4688,78.4688,78.4688,78.4688,78.4688,78.4688,78.4688,78.4688,78.4688,78.4688,78.4688,78.4688,78.4688,78.4688,78.4688,78.4688,78.4688,78.4688,78.4688,78.4688,78.4688,78.4688,78.4688,78.4688,78.4688,78.4688,78.4688,78.4688,78.4688
4,66.7015,66.7015,66.7015,66.7015,66.7015,66.7015,66.7015,66.7015,66.7015,66.7015,66.7015,66.7015,66.7015,66.7015,66.7015,66.7015,66.7015,66.7015,66.7015,66.7015,66.7015,66.7015,66.7015,66.7015,66.7015,66.7015,66.7015,66.7015,66.7015,66.7015,66.7015,66.7015,66.7015,66.7015,66.7015,66.7015,66.7015,66.7015,66.7015,66.7015,66.7015,66.7015,66.7015,66.7015,66.7015,66.7015,66.7015,66.7015
5,64.01820000000001,64.01820000000001,64.01820000000001,64.01820000000001,64.01820000000001,64.01820000000001,64.01820000000001,64.01820000000001,64.01820000000001,64.01820000000001,64.01820000000001,64.01820000000001,64.01820000000001,64.01820000000001,64.01820000000001,64.01820000000001,64.01820000000001,64.01820000000001,64.01820000000001,64.01820000000001,64.01820000000001,64.01820000000001,64.01820000000001,64.01820000000001,64.01820000000001,64.01820000000001,64.01820000000001,64.01820000000001,64.01820000000001,64.01820000000001,64.01820000000001,64.01820000000001,64.01820000000001,64.01820000000001,64.01820000000001,64.01820000000001,64.01820000000001,64.01820000000001,64.01820000000001,64.01820000000001,64.01820000000001,64.01820000000001,64.01820000000001,64.01820000000001,64.01820000000001,64.01820000000001,64.01820000000001,64.01820000000001
6,74.8858,74.8858,74.8858,74.8858,74.8858,74.8858,74.8858,74.8858,74.8858,74.8858,74.8858,74.8858,74.8858,74.8858,74.8858,74.8858,74.8858,74.8858,74.8858,74.8858,74.8858,74.8858,74.8858,74.8858,74.8858,74.8858,74.8858,74.8858,74.8858,74.8858,74.8858,74.8858,74.8858,74.8858,74.8858,74.8858,74.8858,74.8858,74.8858,74.8858,74.8858,74.8858,74.8858,74.8858,74.8858,74.8858,74.8858,74.8858
7,71.5398,71.5398,71.5398,71.5398,71.5398,71.5398,71.5398,71.5398,71.5398,71.5398,71.5398,71.5398,71.5398,71.5398,71.5398,71.5398,71.5398,71.5398,71.5398,71.5398,71.5398,71.5398,71.5398,71.5398,71.5398,71.5398,71.5398,71.5398,71.5398,71.5398,71.5398,71.5398,71.5398,71.5398,71.5398,71.5398,71.5398,71.5398,71.5398,71.5398,71.5398,71.5398,71.5398,71.5398,71.5398,71.5398,71.5398,71.5398
8,60.1707,60.1707,60.1707,60.1707,60.1707,60.1707,60.1707,60.1707,60.1707,60.1707,60.1707,60.1707,60.1707,60.1707,60.1707,60.1707,60.1707,60.1707,60.1707,60.1707,60.1707,60.1707,60.1707,60.1707,60.1707,60.1707,60.1707,60.1707,60.1707,60.1707,60.1707,60.1707,60.1707,60.1707,60.1707,60.1707,60.1707,60.1707,60.1707,60.1707,60.1707,60.1707,60.1707,60.1707,60.1707,60.1707,60.1707,60.1707
9,61.84779999999999,61.84779999999999,61.84779999999999,61.84779999999999,61.84779999999999,61.84779999999999,61.84779999999999,61.84779999999999,61.84779999999999,61.84779999999999,61.84779999999999,61.84779999999999,61.84779999999999,61.84779999999999,61.84779999999999,61.84779999999999,61.84779999999999,61.84779999999999,61.84779999999999,61.84779999999999,61.84779999999999,61.84779999999999,61.84779999999999,61.84779999999999,61.84779999999999,61.84779999999999,61.84779999999999,61.84779999999999,61.84779999999999,61.84779999999999,61.84779999999999,61.84779999999999,61.84779999999999,61.84779999999999,61.84779999999999,61.84779999999999,61.84779999999999,61.84779999999999,61.84779999999999,61.84779999999999,61.84779999999999,61.84779999999999,61.84779999999999,61.84779999999999,61.84779999999999,61.84779999999999,61.84779999999999,61.84779999999999
10,74.1005,74.1005,74.1005,74.1005,74.1005,74.1005,74.1005,74.1005,74.1005,74.1005,74.1005,74.1005,74.1005,74.1005,74.1005,74.1005,74.1005,74.1005,74.1005,74.1005,74.1005,74.1005,74.1005,74.1005,74.1005,74.1005,74.1005,74.1005,74.1005,74.1005,74.1005,74.1005,74.1005,74.1005,74.1005,74.1005,74.1005,74.1005,74.1005,74.1005,74.1005,74.1005,74.1005,74.1005,74.1005,74.1005,74.1005,74.1005
11,69.6495,69.6495,69.6495,69.6495,69.6495,69.6495,69.6495,69.6495,69.6495,69.6495,69.6495,69.6495,69.6495,69.6495,69.6495,69.6495,69.6495,69.6495,69.6495,69.6495,69.6495,69.6495,69.6495,69.6495,69.6495,69.6495,69.6495,69.6495,69.6495,69.6495,69.6495,69.6495,69.6495,69.6495,69.6495,69.6495,69.6495,69.6495,69.6495,69.6495,69.6495,69.6495,69.6495,69.6495,69.6495,69.6495,69.6495,69.6495
12,57.840399999999995,57.840399999999995,57.840399999999995,57.840399999999995,57.840399999999995,57.840399999999995,57.840399999999995,57.840399999999995,57.840399999999995,57.840399999999995,57.840399999999995,57.840399999999995,57.840399999999995,57.840399999999995,57.840399999999995,57.840399999999995,57.840399999999995,57.840399999999995,57.840399999999995,57.840399999999995,57.840399999999995,57.840399999999995,57.840399999999995,57.840399999999995,57.840399999999995,57.840399999999995,57.840399999999995,57.840399999999995,57.840399999999995,57.840399999999995,57.840399999999995,57.840399999999995,57.840399999999995,57.840399999999995,57.840399999999995,57.840399999999995,57.840399999999995,57.840399999999995,57.840399999999995,57.840399999999995,57.840399999999995,57.840399999999995,57.840399999999995,57.840399999999995,57.840399999999995,57.840399999999995,57.840399999999995,57.840399999999995
13,60.4259,60.4259,60.4259,60.4259,60.4259,60.4259,60.4259,60.4259,60.4259,60.4259,60.4259,60.4259,60.4259,60.4259,60.4259,60.4259,60.4259,60.4259,60.4259,60.4259,60.4259,60.4259,60.4259,60.4259,60.4259,60.4259,60.4259,60.4259,60.4259,60.4259,60.4259,60.4259,60.4259,60.4259,60.4259,60.4259,60.4259,60.4259,60.4259,60.4259,60.4259,60.4259,60.4259,60.4259,60.4259,60.4259,60.4259,60.4259
14,74.6347,74.6347,74.6347,74.6347,74.6347,74.6347,74.6347,74.6347,74.6347,74.6347,74.6347,74.6347,74.6347,74.6347,74.6347,74.6347,74.6347,74.6347,74.6347,74.6347,74.6347,74.6347,74.6347,74.6347,74.6347,74.6347,74.6347,74.6347,74.6347,74.6347,74.6347,74.6347,74.6347,74.6347,74.6347,74.6347,74.6347,74.6347,74.6347,74.6347,74.6347,74.6347,74.6347,74.6347,74.6347,74.6347,74.6347,74.6347
15,68.947,68.947,68.947,68.947,68.947,68.947,68.947,68.947,68.947,68.947,68.947,68.947,68.947,68.947,68.947,68.947,68.947,68.947,68.947,68.947,68.947,68.947,68.947,68.947,68.947,68.947,68.947,68.947,68.947,68.947,68.947,68.947,68.947,68.947,68.947,68.947,68.947,68.947,68.947,68.947,68.947,68.947,68.947,68.947,68.947,68.947,68.947,68.947
16,58.299499999999995,58.299499999999995,58.299499999999995,58.299499999999995,58.299499999999995,58.299499999999995,58.299499999999995,58.299499999999995,58.299499999999995,58.299499999999995,58.299499999999995,58.299499999999995,58.299499999999995,58.299499999999995,58.299499999999995,58.299499999999995,58.299499999999995,58.299499999999995,58.299499999999995,58.299499999999995,58.299499999999995,58.299499999999995,58.299499999999995,58.299499999999995,58.299499999999995,58.299499999999995,58.299499999999995,58.299499999999995,58.299499999999995,58.299499999999995,58.299499999999995,58.299499999999995,58.299499999999995,58.299499999999995,58.299499999999995,58.299499999999995,58.299499999999995,58.299499999999995,58.299499999999995,58.299499999999995,58.299499999999995,58.299499999999995,58.299499999999995,58.299499999999995,58.299499999999995,58.299499999999995,58.299499999999995,58.299499999999995
17,60.9781,60.9781,60.9781,60.9781,60.9781,60.9781,60.9781,60.9781,60.9781,60.9781,60.9781,60.9781,60.9781,60.9781,60.9781,60.9781,60.9781,60.9781,60.9781,60.9781,60.9781,60.9781,60.9781,60.9781,60.9781,60.9781,60.9781,60.9781,60.9781,60.9781,60.9781,60.9781,60.9781,60.9781,60.9781,60.9781,60.9781,60.9781,60.9781,60.9781,60.9781,60.9781,60.9781,60.9781,60.9781,60.9781,60.9781,60.9781
18,75.8646,75.8646,75.8646,75.8646,75.8646,75.8646,75.8646,75.8646,75.8646,75.8646,75.8646,75.8646,75.8646,75.8646,75.8646,75.8646,75.8646,75.8646,75.8646,75.8646,75.8646,75.8646,75.8646,75.8646,75.8646,75.8646,75.8646,75.8646,75.8646,75.8646,75.8646,75.8646,75.8646,75.8646,75.8646,75.8646,75.8646,75.8646,75.8646,75.8646,75.8646,75.8646,75.8646,75.8646,75.8646,75.8646,75.8646,75.8646
19,72.3969,72.3969,72.3969,72.3969,72.3969,72.3969,72.3969,72.3969,72.3969,72.3969,72.3969,72.3969,72.3969,72.3969,72.3969,72.3969,72.3969,72.3969,72.3969,72.3969,72.3969,72.3969,72.3969,72.3969,72.3969,72.3969,72.3969,72.3969,72.3969,72.3969,72.3969,72.3969,72.3969,72.3969,72.3969,72.3969,72.3969,72.3969,72.3969,72.3969,72.3969,72.3969,72.3969,72.3969,72.3969,72.3969,72.3969,72.3969
20,61.8333,61.8333,61.8333,61.8333,61.8333,61.8333,61.8333,61.8333,61.8333,61.8333,61.8333,61.8333,61.8333,61.8333,61.8333,61.8333,61.8333,61.8333,61.8333,61.8333,61.8333,61.8333,61.8333,61.8333,61.8333,61.8333,61.8333,61.8333,61.8333,61.8333,61.8333,61.8333,61.8333,61.8333,61.8333,61.8333,61.8333,61.8333,61.8333,61.8333,61.8333,61.8333,61.8333,61.8333,61.8333,61.8333,61.8333,61.8333
21,62.9796,62.9796,62.9796,62.9796,62.9796,62.9796,62.9796,62.9796,62.9796,62.9796,62.9796,62.9796,62.9796,62.9796,62.9796,62.9796,62.9796,62.9796,62.9796,62.9796,62.9796,62.9796,62.9796,62.9796,62.9796,62.9796,62.9796,62.9796,62.9796,62.9796,62.9796,62.9796,62.9796,62.9796,62.9796,62.9796,62.9796,62.9796,62.9796,62.9796,62.9796,62.9796,62.9796,62.9796,62.9796,62.9796,62.9796,62.9796
22,74.3951,74.3951,74.3951,74.3951,74.3951,74.3951,74.3951,74.3951,74.3951,74.3951,74.3951,74.3951,74.3951,74.3951,74.3951,74.3951,74.3951,74.3951,74.3951,74.3951,74.3951,74.3951,74.3951,74.3951,74.3951,74.3951,74.3951,74.3951,74.3951,74.3951,74.3951,74.3951,74.3951,74.3951,74.3951,74.3951,74.3951,74.3951,74.3951,74.3951,74.3951,74.3951,74.3951,74.3951,74.3951,74.3951,74.3951,74.3951
23,70.8739,70.8739,70.8739,70.8739,70.8739,70.8739,70.8739,70.8739,70.8739,70.8739,70.8739,70.8739,70.8739,70.8739,70.8739,70.8739,70.8739,70.8739,70.8739,70.8739,70.8739,70.8739,70.8739,70.8739,70.8739,70.8739,70.8739,70.8739,70.8739,70.8739,70.8739,70.8739,70.8739,70.8739,70.8739,70.8739,70.8739,70.8739,70.8739,70.8739,70.8739,70.8739,70.8739,70.8739,70.8739,70.8739,70.8739,70.8739
24,57.617200000000004,57.617200000000004,57.617200000000004,57.617200000000004,57.617200000000004,57.617200000000004,57.617200000000004,57.617200000000004,57.617200000000004,57.617200000000004,57.617200000000004,57.617200000000004,57.617200000000004,57.617200000000004,57.617200000000004,57.617200000000004,57.617200000000004,57.617200000000004,57.617200000000004,57.617200000000004,57.617200000000004,57.617200000000004,57.617200000000004,57.617200000000004,57.617200000000004,57.617200000000004,57.617200000000004,57.617200000000004,57.617200000000004,57.617200000000004,57.617200000000004,57.617200000000004,57.617200000000004,57.617200000000004,57.617200000000004,57.617200000000004,57.617200000000004,57.617200000000004,57.617200000000004,57.617200000000004,57.617200000000004,57.617200000000004,57.617200000000004,57.617200000000004,57.617200000000004,57.617200000000004,57.617200000000004,57.617200000000004
25,58.7404,58.7404,58.7404,58.7404,58.7404,58.7404,58.7404,58.7404,58.7404,58.7404,58.7404,58.7404,58.7404,58.7404,58.7404,58.7404,58.7404,58.7404,58.7404,58.7404,58.7404,58.7404,58.7404,58.7404,58.7404,58.7404,58.7404,58.7404,58.7404,58.7404,58.7404,58.7404,58.7404,58.7404,58.7404,58.7404,58.7404,58.7404,58.7404,58.7404,58.7404,58.7404,58.7404,58.7404,58.7404,58.7404,58.7404,58.7404
26,74.60679999999999,74.60679999999999,74.60679999999999,74.60679999999999,74.60679999999999,74.60679999999999,74.60679999999999,74.60679999999999,74.60679999999999,74.60679999999999,74.60679999999999,74.60679999999999,74.60679999999999,74.60679999999999,74.60679999999999,74.60679999999999,74.60679999999999,74.60679999999999,74.60679999999999,74.60679999999999,74.60679999999999,74.60679999999999,74.60679999999999,74.60679999999999,74.60679999999999,74.60679999999999,74.60679999999999,74.60679999999999,74.60679999999999,74.60679999999999,74.60679999999999,74.60679999999999,74.60679999999999,74.60679999999999,74.60679999999999,74.60679999999999,74.60679999999999,74.60679999999999,74.60679999999999,74.60679999999999,74.60679999999999,74.60679999999999,74.60679999999999,74.60679999999999,74.60679999999999,74.60679999999999,74.60679999999999,74.60679999999999
27,69.575,69.575,69.575,69.575,69.575,69.575,69.575,69.575,69.575,69.575,69.575,69.575,69.575,69.575,69.575,69.575,69.575,69.575,69.575,69.575,69.575,69.575,69.575,69.575,69.575,69.575,69.575,69.575,69.575,69.575,69.575,69.575,69.575,69.575,69.575,69.575,69.575,69.575,69.575,69.575,69.575,69.575,69.575,69.575,69.575,69.575,69.575,69.575
28,58.07000000000001,58.07000000000001,58.07000000000001,58.07000000000001,58.07000000000001,58.07000000000001,58.07000000000001,58.07000000000001,58.07000000000001,58.07000000000001,58.07000000000001,58.07000000000001,58.07000000000001,58.07000000000001,58.07000000000001,58.07000000000001,58.07000000000001,58.07000000000001,58.07000000000001,58.07000000000001,58.07000000000001,58.07000000000001,58.07000000000001,58.07000000000001,58.07000000000001,58.07000000000001,58.07000000000001,58.07000000000001,58.07000000000001,58.07000000000001,58.07000000000001,58.07000000000001,58.07000000000001,58.07000000000001,58.07000000000001,58.07000000000001,58.07000000000001,58.07000000000001,58.07000000000001,58.07000000000001,58.07000000000001,58.07000000000001,58.07000000000001,58.07000000000001,58.07000000000001,58.07000000000001,58.07000000000001,58.07000000000001
29,60.3686,60.3686,60.3686,60.3686,60.3686,60.3686,60.3686,60.3686,60.3686,60.3686,60.3686,60.3686,60.3686,60.3686,60.3686,60.3686,60.3686,60.3686,60.3686,60.3686,60.3686,60.3686,60.3686,60.3686,60.3686,60.3686,60.3686,60.3686,60.3686,60.3686,60.3686,60.3686,60.3686,60.3686,60.3686,60.3686,60.3686,60.3686,60.3686,60.3686,60.3686,60.3686,60.3686,60.3686,60.3686,60.3686,60.3686,60.3686
30,73.8065,73.8065,73.8065,73.8065,73.8065,73.8065,73.8065,73.8065,73.8065,73.8065,73.8065,73.8065,73.8065,73.8065,73.8065,73.8065,73.8065,73.8065,73.8065,73.8065,73.8065,73.8065,73.8065,73.8065,73.8065,73.8065,73.8065,73.8065,73.8065,73.8065,73.8065,73.8065,73.8065,73.8065,73.8065,73.8065,73.8065,73.8065,73.8065,73.8065,73.8065,73.8065,73.8065,73.8065,73.8065,73.8065,73.8065,73.8065
31,68.5908,68.5908,68.5908,68.5908,68.5908,68.5908,68.5908,68.5908,68.5908,68.5908,68.5908,68.5908,68.5908,68.5908,68.5908,68.5908,68.5908,68.5908,68.5908,68.5908,68.5908,68.5908,68.5908,68.5908,68.5908,68.5908,68.5908,68.5908,68.5908,68.5908,68.5908,68.5908,68.5908,68.5908,68.5908,68.5908,68.5908,68.5908,68.5908,68.5908,68.5908,68.5908,68.5908,68.5908,68.5908,68.5908,68.5908,68.5908
32,57.4619,57.4619,57.4619,57.4619,57.4619,57.4619,57.4619,57.4619,57.4619,57.4619,57.4619,57.4619,57.4619,57.4619,57.4619,57.4619,57.4619,57.4619,57.4619,57.4619,57.4619,57.4619,57.4619,57.4619,57.4619,57.4619,57.4619,57.4619,57.4619,57.4619,57.4619,57.4619,57.4619,57.4619,57.4619,57.4619,57.4619,57.4619,57.4619,57.4619,57.4619,57.4619,57.4619,57.4619,57.4619,57.4619,57.4619,57.4619
33,59.716300000000004,59.716300000000004,59.716300000000004,59.716300000000004,59.716300000000004,59.716300000000004,59.716300000000004,59.716300000000004,59.716300000000004,59.716300000000004,59.716300000000004,59.716300000000004,59.716300000000004,59.716300000000004,59.716300000000004,59.716300000000004,59.716300000000004,59.716300000000004,59.716300000000004,59.716300000000004,59.716300000000004,59.716300000000004,59.716300000000004,59.716300000000004,59.716300000000004,59.716300000000004,59.716300000000004,59.716300000000004,59.716300000000004,59.716300000000004,59.716300000000004,59.716300000000004,59.716300000000004,59.716300000000004,59.716300000000004,59.716300000000004,59.716300000000004,59.716300000000004,59.716300000000004,59.716300000000004,59.716300000000004,59.716300000000004,59.716300000000004,59.716300000000004,59.716300000000004,59.716300000000004,59.716300000000004,59.716300000000004
34,73.2192,73.2192,73.2192,73.2192,73.2192,73.2192,73.2192,73.2192,73.2192,73.2192,73.2192,73.2192,73.2192,73.2192,73.2192,73.2192,73.2192,73.2192,73.2192,73.2192,73.2192,73.2192,73.2192,73.2192,73.2192,73.2192,73.2192,73.2192,73.2192,73.2192,73.2192,73.2192,73.2192,73.2192,73.2192,73.2192,73.2192,73.2192,73.2192,73.2192,73.2192,73.2192,73.2192,73.2192,73.2192,73.2192,73.2192,73.2192
35,69.8801,69.8801,69.8801,69.8801,69.8801,69.8801,69.8801,69.8801,69.8801,69.8801,69.8801,69.8801,69.8801,69.8801,69.8801,69.8801,69.8801,69.8801,69.8801,69.8801,69.8801,69.8801,69.8801,69.8801,69.8801,69.8801,69.8801,69.8801,69.8801,69.8801,69.8801,69.8801,69.8801,69.8801,69.8801,69.8801,69.8801,69.8801,69.8801,69.8801,69.8801,69.8801,69.8801,69.8801,69.8801,69.8801,69.8801,69.8801
36,59.3218,59.3218,59.3218,59.3218,59.3218,59.3218,59.3218,59.3218,59.3218,59.3218,59.3218,59.3218,59.3218,59.3218,59.3218,59.3218,59.3218,59.3218,59.3218,59.3218,59.3218,59.3218,59.3218,59.3218,59.3218,59.3218,59.3218,59.3218,59.3218,59.3218,59.3218,59.3218,59.3218,59.3218,59.3218,59.3218,59.3218,59.3218,59.3218,59.3218,59.3218,59.3218,59.3218,59.3218,59.3218,59.3218,59.3218,59.3218
37,60.90740000000001,60.90740000000001,60.90740000000001,60.90740000000001,60.90740000000001,60.90740000000001,60.90740000000001,60.90740000000001,60.90740000000001,60.90740000000001,60.90740000000001,60.90740000000001,60.90740000000001,60.90740000000001,60.90740000000001,60.90740000000001,60.90740000000001,60.90740000000001,60.90740000000001,60.90740000000001,60.90740000000001,60.90740000000001,60.90740000000001,60.90740000000001,60.90740000000001,60.90740000000001,60.90740000000001,60.90740000000001,60.90740000000001,60.90740000000001,60.90740000000001,60.90740000000001,60.90740000000001,60.90740000000001,60.90740000000001,60.90740000000001,60.90740000000001,60.90740000000001,60.90740000000001,60.90740000000001,60.90740000000001,60.90740000000001,60.90740000000001,60.90740000000001,60.90740000000001,60.90740000000001,60.90740000000001,60.90740000000001
38,74.6688,74.6688,74.6688,74.6688,74.6688,74.6688,74.6688,74.6688,74.6688,74.6688,74.6688,74.6688,74.6688,74.6688,74.6688,74.6688,74.6688,74.6688,74.6688,74.6688,74.6688,74.6688,74.6688,74.6688,74.6688,74.6688,74.6688,74.6688,74.6688,74.6688,74.6688,74.6688,74.6688,74.6688,74.6688,74.6688,74.6688,74.6688,74.6688,74.6688,74.6688,74.6688,74.6688,74.6688,74.6688,74.6688,74.6688,74.6688
39,73.6797,73.6797,73.6797,73.6797,73.6797,73.6797,73.6797,73.6797,73.6797,73.6797,73.6797,73.6797,73.6797,73.6797,73.6797,73.6797,73.6797,73.6797,73.6797,73.6797,73.6797,73.6797,73.6797,73.6797,73.6797,73.6797,73.6797,73.6797,73.6797,73.6797,73.6797,73.6797,73.6797,73.6797,73.6797,73.6797,73.6797,73.6797,73.6797,73.6797,73.6797,73.6797,73.6797,73.6797,73.6797,73.6797,73.6797,73.6797
40,60.3225,60.3225,60.3225,60.3225,60.3225,60.3225,60.3225,60.3225,60.3225,60.3225,60.3225,60.3225,60.3225,60.3225,60.3225,60.3225,60.3225,60.3225,60.3225,60.3225,60.3225,60.3225,60.3225,60.3225,60.3225,60.3225,60.3225,60.3225,60.3225,60.3225,60.3225,60.3225,60.3225,60.3225,60.3225,60.3225,60.3225,60.3225,60.3225,60.3225,60.3225,60.3225,60.3225,60.3225,60.3225,60.3225,60.3225,60.3225
41,61.738299999999995,61.738299999999995,61.738299999999995,61.738299999999995,61.738299999999995,61.738299999999995,61.738299999999995,61.738299999999995,61.738299999999995,61.738299999999995,61.738299999999995,61.738299999999995,61.738299999999995,61.738299999999995,61.738299999999995,61.738299999999995,61.738299999999995,61.738299999999995,61.738299999999995,61.738299999999995,61.738299999999995,61.738299999999995,61.738299999999995,61.738299999999995,61.738299999999995,61.738299999999995,61.738299999999995,61.738299999999995,61.738299999999995,61.738299999999995,61.738299999999995,61.738299999999995,61.738299999999995,61.738299999999995,61.738299999999995,61.738299999999995,61.738299999999995,61.738299999999995,61.738299999999995,61.738299999999995,61.738299999999995,61.738299999999995,61.738299999999995,61.738299999999995,61.738299999999995,61.738299999999995,61.738299999999995,61.738299999999995
42,75.4641,75.4641,75.4641,75.4641,75.4641,75.4641,75.4641,75.4641,75.4641,75.4641,75.4641,75.4641,75.4641,75.4641,75.4641,75.4641,75.4641,75.4641,75.4641,75.4641,75.4641,75.4641,75.4641,75.4641,75.4641,75.4641,75.4641,75.4641,75.4641,75.4641,75.4641,75.4641,75.4641,75.4641,75.4641,75.4641,75.4641,75.4641,75.4641,75.4641,75.4641,75.4641,75.4641,75.4641,75.4641,75.4641,75.4641,75.4641
43,71.74,71.74,71.74,71.74,71.74,71.74,71.74,71.74,71.74,71.74,71.74,71.74,71.74,71.74,71.74,71.74,71.74,71.74,71.74,71.74,71.74,71.74,71.74,71.74,71.74,71.74,71.74,71.74,71.74,71.74,71.74,71.74,71.74,71.74,71.74,71.74,71.74,71.74,71.74,71.74,71.74,71.74,71.74,71.74,71.74,71.74,71.74,71.74
44,59.5212,59.5212,59.5212,59.5212,59.5212,59.5212,59.5212,59.5212,59.5212,59.5212,59.5212,59.5212,59.5212,59.5212,59.5212,59.5212,59.5212,59.5212,59.5212,59.5212,59.5212,59.5212,59.5212,59.5212,59.5212,59.5212,59.5212,59.5212,59.5212,59.5212,59.5212,59.5212,59.5212,59.5212,59.5212,59.5212,59.5212,59.5212,59.5212,59.5212,59.5212,59.5212,59.5212,59.5212,59.5212,59.5212,59.5212,59.5212
45,61.452299999999994,61.452299999999994,61.452299999999994,61.452299999999994,61.452299999999994,61.452299999999994,61.452299999999994,61.452299999999994,61.452299999999994,61.452299999999994,61.452299999999994,61.452299999999994,61.452299999999994,61.452299999999994,61.452299999999994,61.452299999999994,61.452299999999994,61.452299999999994,61.452299999999994,61.452299999999994,61.452299999999994,61.452299999999994,61.452299999999994,61.452299999999994,61.452299999999994,61.452299999999994,61.452299999999994,61.452299999999994,61.452299999999994,61.452299999999994,61.452299999999994,61.452299999999994,61.452299999999994,61.452299999999994,61.452299999999994,61.452299999999994,61.452299999999994,61.452299999999994,61.452299999999994,61.452299999999994,61.452299999999994,61.452299999999994,61.452299999999994,61.452299999999994,61.452299999999994,61.452299999999994,61.452299999999994,61.452299999999994
46,74.2487,74.2487,74.2487,74.2487,74.2487,74.2487,74.2487,74.2487,74.2487,74.2487,74.2487,74.2487,74.2487,74.2487,74.2487,74.2487,74.2487,74.2487,74.2487,74.2487,74.2487,74.2487,74.2487,74.2487,74.2487,74.2487,74.2487,74.2487,74.2487,74.2487,74.2487,74.2487,74.2487,74.2487,74.2487,74.2487,74.2487,74.2487,74.2487,74.2487,74.2487,74.2487,74.2487,74.2487,74.2487,74.2487,74.2487,74.2487
47,70.7814,70.7814,70.7814,70.7814,70.7814,70.7814,70.7814,70.7814,70.7814,70.7814,70.7814,70.7814,70.7814,70.7814,70.7814,70.7814,70.7814,70.7814,70.7814,70.7814,70.7814,70.7814,70.7814,70.7814,70.7814,70.7814,70.7814,70.7814,70.7814,70.7814,70.7814,70.7814,70.7814,70.7814,70.7814,70.7814,70.7814,70.7814,70.7814,70.7814,70.7814,70.7814,70.7814,70.7814,70.7814,70.7814,70.7814,70.7814
48,58.2814,58.2814,58.2814,58.2814,58.2814,58.2814,58.2814,58.2814,58.2814,58.2814,58.2814,58.2814,58.2814,58.2814,58.2814,58.2814,58.2814,58.2814,58.2814,58.2814,58.2814,58.2814,58.2814,58.2814,58.2814,58.2814,58.2814,58.2814,58.2814,58.2814,58.2814,58.2814,58.2814,58.2814,58.2814,58.2814,58.2814,58.2814,58.2814,58.2814,58.2814,58.2814,58.2814,58.2814,58.2814,58.2814,58.2814,58.2814
49,61.443,61.443,61.443,61.443,61.443,61.443,61.443,61.443,61.443,61.443,61.443,61.443,61.443,61.443,61.443,61.443,61.443,61.443,61.443,61.443,61.443,61.443,61.443,61.443,61.443,61.443,61.443,61.443,61.443,61.443,61.443,61.443,61.443,61.443,61.443,61.443,61.443,61.443,61.443,61.443,61.443,61.443,61.443,61.443,61.443,61.443,61.443,61.443
50,74.8275,74.8275,74.8275,74.8275,74.8275,74.8275,74.8275,74.8275,74.8275,74.8275,74.8275,74.8275,74.8275,74.8275,74.8275,74.8275,74.8275,74.8275,74.8275,74.8275,74.8275,74.8275,74.8275,74.8275,74.8275,74.8275,74.8275,74.8275,74.8275,74.8275,74.8275,74.8275,74.8275,74.8275,74.8275,74.8275,74.8275,74.8275,74.8275,74.8275,74.8275,74.8275,74.8275,74.8275,74.8275,74.8275,74.8275,74.8275
51,70.6976,70.6976,70.6976,70.6976,70.6976,70.6976,70.6976,70.6976,70.6976,70.6976,70.6976,70.6976,70.6976,70.6976,70.6976,70.6976,70.6976,70.6976,70.6976,70.6976,70.6976,70.6976,70.6976,70.6976,70.6976,70.6976,70.6976,70.6976,70.6976,70.6976,70.6976,70.6976,70.6976,70.6976,70.6976,70.6976,70.6976,70.6976,70.6976,70.6976,70.6976,70.6976,70.6976,70.6976,70.6976,70.6976,70.6976,70.6976
52,59.628299999999996,59.628299999999996,59.628299999999996,59.628299999999996,59.628299999999996,59.628299999999996,59.628299999999996,59.628299999999996,59.628299999999996,59.628299999999996,59.628299999999996,59.628299999999996,59.628299999999996,59.628299999999996,59.628299999999996,59.628299999999996,59.628299999999996,59.628299999999996,59.628299999999996,59.628299999999996,59.628299999999996,59.628299999999996,59.628299999999996,59.628299999999996,59.628299999999996,59.628299999999996,59.628299999999996,59.628299999999996,59.628299999999996,59.628299999999996,59.628299999999996,59.628299999999996,59.628299999999996,59.628299999999996,59.628299999999996,59.628299999999996,59.628299999999996,59.628299999999996,59.628299999999996,59.628299999999996,59.628299999999996,59.628299999999996,59.628299999999996,59.628299999999996,59.628299999999996,59.628299999999996,59.628299999999996,59.628299999999996
53,60.8234,60.8234,60.8234,60.8234,60.8234,60.8234,60.8234,60.8234,60.8234,60.8234,60.8234,60.8234,60.8234,60.8234,60.8234,60.8234,60.8234,60.8234,60.8234,60.8234,60.8234,60.8234,60.8234,60.8234,60.8234,60.8234,60.8234,60.8234,60.8234,60.8234,60.8234,60.8234,60.8234,60.8234,60.8234,60.8234,60.8234,60.8234,60.8234,60.8234,60.8234,60.8234,60.8234,60.8234,60.8234,60.8234,60.8234,60.8234
54,74.5125,74.5125,74.5125,74.5125,74.5125,74.5125,74.5125,74.5125,74.5125,74.5125,74.5125,74.5125,74.5125,74.5125,74.5125,74.5125,74.5125,74.5125,74.5125,74.5125,74.5125,74.5125,74.5125,74.5125,74.5125,74.5125,74.5125,74.5125,74.5125,74.5125,74.5125,74.5125,74.5125,74.5125,74.5125,74.5125,74.5125,74.5125,74.5125,74.5125,74.5125,74.5125,74.5125,74.5125,74.5125,74.5125,74.5125,74.5125
55,69.5318,69.5318,69.5318,69.5318,69.5318,69.5318,69.5318,69.5318,69.5318,69.5318,69.5318,69.5318,69.5318,69.5318,69.5318,69.5318,69.5318,69.5318,69.5318,69.5318,69.5318,69.5318,69.5318,69.5318,69.5318,69.5318,69.5318,69.5318,69.5318,69.5318,69.5318,69.5318,69.5318,69.5318,69.5318,69.5318,69.5318,69.5318,69.5318,69.5318,69.5318,69.5318,69.5318,69.5318,69.5318,69.5318,69.5318,69.5318
56,58.020399999999995,58.020399999999995,58.020399999999995,58.020399999999995,58.020399999999995,58.020399999999995,58.020399999999995,58.020399999999995,58.020399999999995,58.020399999999995,58.020399999999995,58.020399999999995,58.020399999999995,58.020399999999995,58.020399999999995,58.020399999999995,58.020399999999995,58.020399999999995,58.020399999999995,58.020399999999995,58.020399999999995,58.020399999999995,58.020399999999995,58.020399999999995,58.020399999999995,58.020399999999995,58.020399999999995,58.020399999999995,58.020399999999995,58.020399999999995,58.020399999999995,58.020399999999995,58.020399999999995,58.020399999999995,58.020399999999995,58.020399999999995,58.020399999999995,58.020399999999995,58.020399999999995,58.020399999999995,58.020399999999995,58.020399999999995,58.020399999999995,58.020399999999995,58.020399999999995,58.020399999999995,58.020399999999995,58.020399999999995
57,59.5415,59.5415,59.5415,59.5415,59.5415,59.5415,59.5415,59.5415,59.5415,59.5415,59.5415,59.5415,59.5415,59.5415,59.5415,59.5415,59.5415,59.5415,59.5415,59.5415,59.5415,59.5415,59.5415,59.5415,59.5415,59.5415,59.5415,59.5415,59.5415,59.5415,59.5415,59.5415,59.5415,59.5415,59.5415,59.5415,59.5415,59.5415,59.5415,59.5415,59.5415,59.5415,59.5415,59.5415,59.5415,59.5415,59.5415,59.5415
58,74.9237,74.9237,74.9237,74.9237,74.9237,74.9237,74.9237,74.9237,74.9237,74.9237,74.9237,74.9237,74.9237,74.9237,74.9237,74.9237,74.9237,74.9237,74.9237,74.9237,74.9237,74.9237,74.9237,74.9237,74.9237,74.9237,74.9237,74.9237,74.9237,74.9237,74.9237,74.9237,74.9237,74.9237,74.9237,74.9237,74.9237,74.9237,74.9237,74.9237,74.9237,74.9237,74.9237,74.9237,74.9237,74.9237,74.9237,74.9237
59,74.64699999999999,74.64699999999999,74.64699999999999,74.64699999999999,74.64699999999999,74.64699999999999,74.64699999999999,74.64699999999999,74.64699999999999,74.64699999999999,74.64699999999999,74.64699999999999,74.64699999999999,74.64699999999999,74.64699999999999,74.64699999999999,74.64699999999999,74.64699999999999,74.64699999999999,74.64699999999999,74.64699999999999,74.64699999999999,74.64699999999999,74.64699999999999,74.64699999999999,74.64699999999999,74.64699999999999,74.64699999999999,74.64699999999999,74.64699999999999,74.64699999999999,74.64699999999999,74.64699999999999,74.64699999999999,74.64699999999999,74.64699999999999,74.64699999999999,74.64699999999999,74.64699999999999,74.64699999999999,74.64699999999999,74.64699999999999,74.64699999999999,74.64699999999999,74.64699999999999,74.64699999999999,74.64699999999999,74.64699999999999
60,67.4366,67.4366,67.4366,67.4366,67.4366,67.4366,67.4366,67.4366,67.4366,67.4366,67.4366,67.4366,67.4366,67.4366,67.4366,67.4366,67.4366,67.4366,67.4366,67.4366,67.4366,67.4366,67.4366,67.4366,67.4366,67.4366,67.4366,67.4366,67.4366,67.4366,67.4366,67.4366,67.4366,67.4366,67.4366,67.4366,67.4366,67.4366,67.4366,67.4366,67.4366,67.4366,67.4366,67.4366,67.4366,67.4366,67.4366,67.4366
61,69.1737,69.1737,69.1737,69.1737,69.1737,69.1737,69.1737,69.1737,69.1737,69.1737,69.1737,69.1737,69.1737,69.1737,69.1737,69.1737,69.1737,69.1737,69.1737,69.1737,69.1737,69.1737,69.1737,69.1737,69.1737,69.1737,69.1737,69.1737,69.1737,69.1737,69.1737,69.1737,69.1737,69.1737,69.1737,69.1737,69.1737,69.1737,69.1737,69.1737,69.1737,69.1737,69.1737,69.1737,69.1737,69.1737,69.1737,69.1737
62,79.35810000000001,79.35810000000001,79.35810000000001,79.35810000000001,79.35810000000001,79.35810000000001,79.35810000000001,79.35810000000001,79.35810000000001,79.35810000000001,79.35810000000001,79.35810000000001,79.35810000000001,79.35810000000001,79.35810000000001,79.35810000000001,79.35810000000001,79.35810000000001,79.35810000000001,79.35810000000001,79.35810000000001,79.35810000000001,79.35810000000001,79.35810000000001,79.35810000000001,79.35810000000001,79.35810000000001,79.35810000000001,79.35810000000001,79.35810000000001,79.35810000000001,79.35810000000001,79.35810000000001,79.35810000000001,79.35810000000001,79.35810000000001,79.35810000000001,79.35810000000001,79.35810000000001,79.35810000000001,79.35810000000001,79.35810000000001,79.35810000000001,79.35810000000001,79.35810000000001,79.35810000000001,79.35810000000001,79.35810000000001
63,76.28099999999999,76.28099999999999,76.28099999999999,76.28099999999999,76.28099999999999,76.28099999999999,76.28099999999999,76.28099999999999,76.28099999999999,76.28099999999999,76.28099999999999,76.28099999999999,76.28099999999999,76.28099999999999,76.28099999999999,76.28099999999999,76.28099999999999,76.28099999999999,76.28099999999999,76.28099999999999,76.28099999999999,76.28099999999999,76.28099999999999,76.28099999999999,76.28099999999999,76.28099999999999,76.28099999999999,76.28099999999999,76.28099999999999,76.28099999999999,76.28099999999999,76.28099999999999,76.28099999999999,76.28099999999999,76.28099999999999,76.28099999999999,76.28099999999999,76.28099999999999,76.28099999999999,76.28099999999999,76.28099999999999,76.28099999999999,76.28099999999999,76.28099999999999,76.28099999999999,76.28099999999999,76.28099999999999,76.28099999999999
64,64.7061,64.7061,64.7061,64.7061,64.7061,64.7061,64.7061,64.7061,64.7061,64.7061,64.7061,64.7061,64.7061,64.7061,64.7061,64.7061,64.7061,64.7061,64.7061,64.7061,64.7061,64.7061,64.7061,64.7061,64.7061,64.7061,64.7061,64.7061,64.7061,64.7061,64.7061,64.7061,64.7061,64.7061,64.7061,64.7061,64.7061,64.7061,64.7061,64.7061,64.7061,64.7061,64.7061,64.7061,64.7061,64.7061,64.7061,64.7061
65,62.95609999999999,62.95609999999999,62.95609999999999,62.95609999999999,62.95609999999999,62.95609999999999,62.95609999999999,62.95609999999999,62.95609999999999,62.95609999999999,62.95609999999999,62.95609999999999,62.95609999999999,62.95609999999999,62.95609999999999,62.95609999999999,62.95609999999999,62.95609999999999,62.95609999999999,62.95609999999999,62.95609999999999,62.95609999999999,62.95609999999999,62.95609999999999,62.95609999999999,62.95609999999999,62.95609999999999,62.95609999999999,62.95609999999999,62.95609999999999,62.95609999999999,62.95609999999999,62.95609999999999,62.95609999999999,62.95609999999999,62.95609999999999,62.95609999999999,62.95609999999999,62.95609999999999,62.95609999999999,62.95609999999999,62.95609999999999,62.95609999999999,62.95609999999999,62.95609999999999,62.95609999999999,62.95609999999999,62.95609999999999
66,74.7003,74.7003,74.7003,74.7003,74.7003,74.7003,74.7003,74.7003,74.7003,74.7003,74.7003,74.7003,74.7003,74.7003,74.7003,74.7003,74.7003,74.7003,74.7003,74.7003,74.7003,74.7003,74.7003,74.7003,74.7003,74.7003,74.7003,74.7003,74.7003,74.7003,74.7003,74.7003,74.7003,74.7003,74.7003,74.7003,74.7003,74.7003,74.7003,74.7003,74.7003,74.7003,74.7003,74.7003,74.7003,74.7003,74.7003,74.7003
67,70.90549999999999,70.90549999999999,70.90549999999999,70.90549999999999,70.90549999999999,70.90549999999999,70.90549999999999,70.90549999999999,70.90549999999999,70.90549999999999,70.90549999999999,70.90549999999999,70.90549999999999,70.90549999999999,70.90549999999999,70.90549999999999,70.90549999999999,70.90549999999999,70.90549999999999,70.90549999999999,70.90549999999999,70.90549999999999,70.90549999999999,70.90549999999999,70.90549999999999,70.90549999999999,70.90549999999999,70.90549999999999,70.90549999999999,70.90549999999999,70.90549999999999,70.90549999999999,70.90549999999999,70.90549999999999,70.90549999999999,70.90549999999999,70.90549999999999,70.90549999999999,70.90549999999999,70.90549999999999,70.90549999999999,70.90549999999999,70.90549999999999,70.90549999999999,70.90549999999999,70.90549999999999,70.90549999999999,70.90549999999999
68,58.8407,58.8407,58.8407,58.8407,58.8407,58.8407,58.8407,58.8407,58.8407,58.8407,58.8407,58.8407,58.8407,58.8407,58.8407,58.8407,58.8407,58.8407,58.8407,58.8407,58.8407,58.8407,58.8407,58.8407,58.8407,58.8407,58.8407,58.8407,58.8407,58.8407,58.8407,58.8407,58.8407,58.8407,58.8407,58.8407,58.8407,58.8407,58.8407,58.8407,58.8407,58.8407,58.8407,58.8407,58.8407,58.8407,58.8407,58.8407
69,60.5911,60.5911,60.5911,60.5911,60.5911,60.5911,60.5911,60.5911,60.5911,60.5911,60.5911,60.5911,60.5911,60.5911,60.5911,60.5911,60.5911,60.5911,60.5911,60.5911,60.5911,60.5911,60.5911,60.5911,60.5911,60.5911,60.5911,60.5911,60.5911,60.5911,60.5911,60.5911,60.5911,60.5911,60.5911,60.5911,60.5911,60.5911,60.5911,60.5911,60.5911,60.5911,60.5911,60.5911,60.5911,60.5911,60.5911,60.5911
70,74.0033,74.0033,74.0033,74.0033,74.0033,74.0033,74.0033,74.0033,74.0033,74.0033,74.0033,74.0033,74.0033,74.0033,74.0033,74.0033,74.0033,74.0033,74.0033,74.0033,74.0033,74.0033,74.0033,74.0033,74.0033,74.0033,74.0033,74.0033,74.0033,74.0033,74.0033,74.0033,74.0033,74.0033,74.0033,74.0033,74.0033,74.0033,74.0033,74.0033,74.0033,74.0033,74.0033,74.0033,74.0033,74.0033,74.0033,74.0033
71,70.63669999999999,70.63669999999999,70.63669999999999,70.63669999999999,70.63669999999999,70.63669999999999,70.63669999999999,70.63669999999999,70.63669999999999,70.63669999999999,70.63669999999999,70.63669999999999,70.63669999999999,70.63669999999999,70.63669999999999,70.63669999999999,70.63669999999999,70.63669999999999,70.63669999999999,70.63669999999999,70.63669999999999,70.63669999999999,70.63669999999999,70.63669999999999,70.63669999999999,70.63669999999999,70.63669999999999,70.63669999999999,70.63669999999999,70.63669999999999,70.63669999999999,70.63669999999999,70.63669999999999,70.63669999999999,70.63669999999999,70.63669999999999,70.63669999999999,70.63669999999999,70.63669999999999,70.63669999999999,70.63669999999999,70.63669999999999,70.63669999999999,70.63669999999999,70.63669999999999,70.63669999999999,70.63669999999999,70.63669999999999
72,58.450700000000005,58.450700000000005,58.450700000000005,58.450700000000005,58.450700000000005,58.450700000000005,58.450700000000005,58.450700000000005,58.450700000000005,58.450700000000005,58.450700000000005,58.450700000000005,58.450700000000005,58.450700000000005,58.450700000000005,58.450700000000005,58.450700000000005,58.450700000000005,58.450700000000005,58.450700000000005,58.450700000000005,58.450700000000005,58.450700000000005,58.450700000000005,58.450700000000005,58.450700000000005,58.450700000000005,58.450700000000005,58.450700000000005,58.450700000000005,58.450700000000005,58.450700000000005,58.450700000000005,58.450700000000005,58.450700000000005,58.450700000000005,58.450700000000005,58.450700000000005,58.450700000000005,58.450700000000005,58.450700000000005,58.450700000000005,58.450700000000005,58.450700000000005,58.450700000000005,58.450700000000005,58.450700000000005,58.450700000000005
73,60.26310000000001,60.26310000000001,60.26310000000001,60.26310000000001,60.26310000000001,60.26310000000001,60.26310000000001,60.26310000000001,60.26310000000001,60.26310000000001,60.26310000000001,60.26310000000001,60.26310000000001,60.26310000000001,60.26310000000001,60.26310000000001,60.26310000000001,60.26310000000001,60.26310000000001,60.26310000000001,60.26310000000001,60.26310000000001,60.26310000000001,60.26310000000001,60.26310000000001,60.26310000000001,60.26310000000001,60.26310000000001,60.26310000000001,60.26310000000001,60.26310000000001,60.26310000000001,60.26310000000001,60.26310000000001,60.26310000000001,60.26310000000001,60.26310000000001,60.26310000000001,60.26310000000001,60.26310000000001,60.26310000000001,60.26310000000001,60.26310000000001,60.26310000000001,60.26310000000001,60.26310000000001,60.26310000000001,60.26310000000001
74,75.4371,75.4371,75.4371,75.4371,75.4371,75.4371,75.4371,75.4371,75.4371,75.4371,75.4371,75.4371,75.4371,75.4371,75.4371,75.4371,75.4371,75.4371,75.4371,75.4371,75.4371,75.4371,75.4371,75.4371,75.4371,75.4371,75.4371,75.4371,75.4371,75.4371,75.4371,75.4371,75.4371,75.4371,75.4371,75.4371,75.4371,75.4371,75.4371,75.4371,75.4371,75.4371,75.4371,75.4371,75.4371,75.4371,75.4371,75.4371
75,71.3509,71.3509,71.3509,71.3509,71.3509,71.3509,71.3509,71.3509,71.3509,71.3509,71.3509,71.3509,71.3509,71.3509,71.3509,71.3509,71.3509,71.3509,71.3509,71.3509,71.3509,71.3509,71.3509,71.3509,71.3509,71.3509,71.3509,71.3509,71.3509,71.3509,71.3509,71.3509,71.3509,71.3509,71.3509,71.3509,71.3509,71.3509,71.3509,71.3509,71.3509,71.3509,71.3509,71.3509,71.3509,71.3509,71.3509,71.3509
76,57.4602,57.4602,57.4602,57.4602,57.4602,57.4602,57.4602,57.4602,57.4602,57.4602,57.4602,57.4602,57.4602,57.4602,57.4602,57.4602,57.4602,57.4602,57.4602,57.4602,57.4602,57.4602,57.4602,57.4602,57.4602,57.4602,57.4602,57.4602,57.4602,57.4602,57.4602,57.4602,57.4602,57.4602,57.4602,57.4602,57.4602,57.4602,57.4602,57.4602,57.4602,57.4602,57.4602,57.4602,57.4602,57.4602,57.4602,57.4602
77,58.397099999999995,58.397099999999995,58.397099999999995,58.397099999999995,58.397099999999995,58.397099999999995,58.397099999999995,58.397099999999995,58.397099999999995,58.397099999999995,58.397099999999995,58.397099999999995,58.397099999999995,58.397099999999995,58.397099999999995,58.397099999999995,58.397099999999995,58.397099999999995,58.397099999999995,58.397099999999995,58.397099999999995,58.397099999999995,58.397099999999995,58.397099999999995,58.397099999999995,58.397099999999995,58.397099999999995,58.397099999999995,58.397099999999995,58.397099999999995,58.397099999999995,58.397099999999995,58.397099999999995,58.397099999999995,58.397099999999995,58.397099999999995,58.397099999999995,58.397099999999995,58.397099999999995,58.397099999999995,58.397099999999995,58.397099999999995,58.397099999999995,58.397099999999995,58.397099999999995,58.397099999999995,58.397099999999995,58.397099999999995
78,74.3042,74.3042,74.3042,74.3042,74.3042,74.3042,74.3042,74.3042,74.3042,74.3042,74.3042,74.3042,74.3042,74.3042,74.3042,74.3042,74.3042,74.3042,74.3042,74.3042,74.3042,74.3042,74.3042,74.3042,74.3042,74.3042,74.3042,74.3042,74.3042,74.3042,74.3042,74.3042,74.3042,74.3042,74.3042,74.3042,74.3042,74.3042,74.3042,74.3042,74.3042,74.3042,74.3042,74.3042,74.3042,74.3042,74.3042,74.3042
79,72.1133,72.1133,72.1133,72.1133,72.1133,72.1133,72.1133,72.1133,72.1133,72.1133,72.1133,72.1133,72.1133,72.1133,72.1133,72.1133,72.1133,72.1133,72.1133,72.1133,72.1133,72.1133,72.1133,72.1133,72.1133,72.1133,72.1133,72.1133,72.1133,72.1133,72.1133,72.1133,72.1133,72.1133,72.1133,72.1133,72.1133,72.1133,72.1133,72.1133,72.1133,72.1133,72.1133,72.1133,72.1133,72.1133,72.1133,72.1133
80,59.1274,59.1274,59.1274,59.1274,59.1274,59.1274,59.1274,59.1274,59.1274,59.1274,59.1274,59.1274,59.1274,59.1274,59.1274,59.1274,59.1274,59.1274,59.1274,59.1274,59.1274,59.1274,59.1274,59.1274,59.1274,59.1274,59.1274,59.1274,59.1274,59.1274,59.1274,59.1274,59.1274,59.1274,59.1274,59.1274,59.1274,59.1274,59.1274,59.1274,59.1274,59.1274,59.1274,59.1274,59.1274,59.1274,59.1274,59.1274
81,60.6305,60.6305,60.6305,60.6305,60.6305,60.6305,60.6305,60.6305,60.6305,60.6305,60.6305,60.6305,60.6305,60.6305,60.6305,60.6305,60.6305,60.6305,60.6305,60.6305,60.6305,60.6305,60.6305,60.6305,60.6305,60.6305,60.6305,60.6305,60.6305,60.6305,60.6305,60.6305,60.6305,60.6305,60.6305,60.6305,60.6305,60.6305,60.6305,60.6305,60.6305,60.6305,60.6305,60.6305,60.6305,60.6305,60.6305,60.6305
82,73.1361,73.1361,73.1361,73.1361,73.1361,73.1361,73.1361,73.1361,73.1361,73.1361,73.1361,73.1361,73.1361,73.1361,73.1361,73.1361,73.1361,73.1361,73.1361,73.1361,73.1361,73.1361,73.1361,73.1361,73.1361,73.1361,73.1361,73.1361,73.1361,73.1361,73.1361,73.1361,73.1361,73.1361,73.1361,73.1361,73.1361,73.1361,73.1361,73.1361,73.1361,73.1361,73.1361,73.1361,73.1361,73.1361,73.1361,73.1361
83,70.3555,70.3555,70.3555,70.3555,70.3555,70.3555,70.3555,70.3555,70.3555,70.3555,70.3555,70.3555,70.3555,70.3555,70.3555,70.3555,70.3555,70.3555,70.3555,70.3555,70.3555,70.3555,70.3555,70.3555,70.3555,70.3555,70.3555,70.3555,70.3555,70.3555,70.3555,70.3555,70.3555,70.3555,70.3555,70.3555,70.3555,70.3555,70.3555,70.3555,70.3555,70.3555,70.3555,70.3555,70.3555,70.3555,70.3555,70.3555
84,59.1132,59.1132,59.1132,59.1132,59.1132,59.1132,59.1132,59.1132,59.1132,59.1132,59.1132,59.1132,59.1132,59.1132,59.1132,59.1132,59.1132,59.1132,59.1132,59.1132,59.1132,59.1132,59.1132,59.1132,59.1132,59.1132,59.1132,59.1132,59.1132,59.1132,59.1132,59.1132,59.1132,59.1132,59.1132,59.1132,59.1132,59.1132,59.1132,59.1132,59.1132,59.1132,59.1132,59.1132,59.1132,59.1132,59.1132,59.1132
85,60.792199999999994,60.792199999999994,60.792199999999994,60.792199999999994,60.792199999999994,60.792199999999994,60.792199999999994,60.792199999999994,60.792199999999994,60.792199999999994,60.792199999999994,60.792199999999994,60.792199999999994,60.792199999999994,60.792199999999994,60.792199999999994,60.792199999999994,60.792199999999994,60.792199999999994,60.792199999999994,60.792199999999994,60.792199999999994,60.792199999999994,60.792199999999994,60.792199999999994,60.792199999999994,60.792199999999994,60.792199999999994,60.792199999999994,60.792199999999994,60.792199999999994,60.792199999999994,60.792199999999994,60.792199999999994,60.792199999999994,60.792199999999994,60.792199999999994,60.792199999999994,60.792199999999994,60.792199999999994,60.792199999999994,60.792199999999994,60.792199999999994,60.792199999999994,60.792199999999994,60.792199999999994,60.792199999999994,60.792199999999994
86,74.8289,74.8289,74.8289,74.8289,74.8289,74.8289,74.8289,74.8289,74.8289,74.8289,74.8289,74.8289,74.8289,74.8289,74.8289,74.8289,74.8289,74.8289,74.8289,74.8289,74.8289,74.8289,74.8289,74.8289,74.8289,74.8289,74.8289,74.8289,74.8289,74.8289,74.8289,74.8289,74.8289,74.8289,74.8289,74.8289,74.8289,74.8289,74.8289,74.8289,74.8289,74.8289,74.8289,74.8289,74.8289,74.8289,74.8289,74.8289
87,70.3398,70.3398,70.3398,70.3398,70.3398,70.3398,70.3398,70.3398,70.3398,70.3398,70.3398,70.3398,70.3398,70.3398,70.3398,70.3398,70.3398,70.3398,70.3398,70.3398,70.3398,70.3398,70.3398,70.3398,70.3398,70.3398,70.3398,70.3398,70.3398,70.3398,70.3398,70.3398,70.3398,70.3398,70.3398,70.3398,70.3398,70.3398,70.3398,70.3398,70.3398,70.3398,70.3398,70.3398,70.3398,70.3398,70.3398,70.3398
88,58.360499999999995,58.360499999999995,58.360499999999995,58.360499999999995,58.360499999999995,58.360499999999995,58.360499999999995,58.360499999999995,58.360499999999995,58.360499999999995,58.360499999999995,58.360499999999995,58.360499999999995,58.360499999999995,58.360499999999995,58.360499999999995,58.360499999999995,58.360499999999995,58.360499999999995,58.360499999999995,58.360499999999995,58.360499999999995,58.360499999999995,58.360499999999995,58.360499999999995,58.360499999999995,58.360499999999995,58.360499999999995,58.360499999999995,58.360499999999995,58.360499999999995,58.360499999999995,58.360499999999995,58.360499999999995,58.360499999999995,58.360499999999995,58.360499999999995,58.360499999999995,58.360499999999995,58.360499999999995,58.360499999999995,58.360499999999995,58.360499999999995,58.360499999999995,58.360499999999995,58.360499999999995,58.360499999999995,58.360499999999995
89,61.837700000000005,61.837700000000005,61.837700000000005,61.837700000000005,61.837700000000005,61.837700000000005,61.837700000000005,61.837700000000005,61.837700000000005,61.837700000000005,61.837700000000005,61.837700000000005,61.837700000000005,61.837700000000005,61.837700000000005,61.837700000000005,61.837700000000005,61.837700000000005,61.837700000000005,61.837700000000005,61.837700000000005,61.837700000000005,61.837700000000005,61.837700000000005,61.837700000000005,61.837700000000005,61.837700000000005,61.837700000000005,61.837700000000005,61.837700000000005,61.837700000000005,61.837700000000005,61.837700000000005,61.837700000000005,61.837700000000005,61.837700000000005,61.837700000000005,61.837700000000005,61.837700000000005,61.837700000000005,61.837700000000005,61.837700000000005,61.837700000000005,61.837700000000005,61.837700000000005,61.837700000000005,61.837700000000005,61.837700000000005
90,74.7485,74.7485,74.7485,74.7485,74.7485,74.7485,74.7485,74.7485,74.7485,74.7485,74.7485,74.7485,74.7485,74.7485,74.7485,74.7485,74.7485,74.7485,74.7485,74.7485,74.7485,74.7485,74.7485,74.7485,74.7485,74.7485,74.7485,74.7485,74.7485,74.7485,74.7485,74.7485,74.7485,74.7485,74.7485,74.7485,74.7485,74.7485,74.7485,74.7485,74.7485,74.7485,74.7485,74.7485,74.7485,74.7485,74.7485,74.7485
91,70.72030000000001,70.72030000000001,70.72030000000001,70.72030000000001,70.72030000000001,70.72030000000001,70.72030000000001,70.72030000000001,70.72030000000001,70.72030000000001,70.72030000000001,70.72030000000001,70.72030000000001,70.72030000000001,70.72030000000001,70.72030000000001,70.72030000000001,70.72030000000001,70.72030000000001,70.72030000000001,70.72030000000001,70.72030000000001,70.72030000000001,70.72030000000001,70.72030000000001,70.72030000000001,70.72030000000001,70.72030000000001,70.72030000000001,70.72030000000001,70.72030000000001,70.72030000000001,70.72030000000001,70.72030000000001,70.72030000000001,70.72030000000001,70.72030000000001,70.72030000000001,70.72030000000001,70.72030000000001,70.72030000000001,70.72030000000001,70.72030000000001,70.72030000000001,70.72030000000001,70.72030000000001,70.72030000000001,70.72030000000001
92,58.2726,58.2726,58.2726,58.2726,58.2726,58.2726,58.2726,58.2726,58.2726,58.2726,58.2726,58.2726,58.2726,58.2726,58.2726,58.2726,58.2726,58.2726,58.2726,58.2726,58.2726,58.2726,58.2726,58.2726,58.2726,58.2726,58.2726,58.2726,58.2726,58.2726,58.2726,58.2726,58.2726,58.2726,58.2726,58.2726,58.2726,58.2726,58.2726,58.2726,58.2726,58.2726,58.2726,58.2726,58.2726,58.2726,58.2726,58.2726
93,58.9063,58.9063,58.9063,58.9063,58.9063,58.9063,58.9063,58.9063,58.9063,58.9063,58.9063,58.9063,58.9063,58.9063,58.9063,58.9063,58.9063,58.9063,58.9063,58.9063,58.9063,58.9063,58.9063,58.9063,58.9063,58.9063,58.9063,58.9063,58.9063,58.9063,58.9063,58.9063,58.9063,58.9063,58.9063,58.9063,58.9063,58.9063,58.9063,58.9063,58.9063,58.9063,58.9063,58.9063,58.9063,58.9063,58.9063,58.9063
94,75.1516,75.1516,75.1516,75.1516,75.1516,75.1516,75.1516,75.1516,75.1516,75.1516,75.1516,75.1516,75.1516,75.1516,75.1516,75.1516,75.1516,75.1516,75.1516,75.1516,75.1516,75.1516,75.1516,75.1516,75.1516,75.1516,75.1516,75.1516,75.1516,75.1516,75.1516,75.1516,75.1516,75.1516,75.1516,75.1516,75.1516,75.1516,75.1516,75.1516,75.1516,75.1516,75.1516,75.1516,75.1516,75.1516,75.1516,75.1516
95,71.7491,71.7491,71.7491,71.7491,71.7491,71.7491,71.7491,71.7491,71.7491,71.7491,71.7491,71.7491,71.7491,71.7491,71.7491,71.7491,71.7491,71.7491,71.7491,71.7491,71.7491,71.7491,71.7491,71.7491,71.7491,71.7491,71.7491,71.7491,71.7491,71.7491,71.7491,71.7491,71.7491,71.7491,71.7491,71.7491,71.7491,71.7491,71.7491,71.7491,71.7491,71.7491,71.7491,71.7491,71.7491,71.7491,71.7491,71.7491
96,61.058299999999996,61.058299999999996,61.058299999999996,61.058299999999996,61.058299999999996,61.058299999999996,61.058299999999996,61.058299999999996,61.058299999999996,61.058299999999996,61.058299999999996,61.058299999999996,61.058299999999996,61.058299999999996,61.058299999999996,61.058299999999996,61.058299999999996,61.058299999999996,61.058299999999996,61.058299999999996,61.058299999999996,61.058299999999996,61.058299999999996,61.058299999999996,61.058299999999996,61.058299999999996,61.058299999999996,61.058299999999996,61.058299999999996,61.058299999999996,61.058299999999996,61.058299999999996,61.058299999999996,61.058299999999996,61.058299999999996,61.058299999999996,61.058299999999996,61.058299999999996,61.058299999999996,61.058299999999996,61.058299999999996,61.058299999999996,61.058299999999996,61.058299999999996,61.058299999999996,61.058299999999996,61.058299999999996,61.058299999999996
97,62.703100000000006,62.703100000000006,62.703100000000006,62.703100000000006,62.703100000000006,62.703100000000006,62.703100000000006,62.703100000000006,62.703100000000006,62.703100000000006,62.703100000000006,62.703100000000006,62.703100000000006,62.703100000000006,62.703100000000006,62.703100000000006,62.703100000000006,62.703100000000006,62.703100000000006,62.703100000000006,62.703100000000006,62.703100000000006,62.703100000000006,62.703100000000006,62.703100000000006,62.703100000000006,62.703100000000006,62.703100000000006,62.703100000000006,62.703100000000006,62.703100000000006,62.703100000000006,62.703100000000006,62.703100000000006,62.703100000000006,62.703100000000006,62.703100000000006,62.703100000000006,62.703100000000006,62.703100000000006,62.703100000000006,62.703100000000006,62.703100000000006,62.703100000000006,62.703100000000006,62.703100000000006,62.703100000000006,62.703100000000006
98,74.7499,74.7499,74.7499,74.7499,74.7499,74.7499,74.7499,74.7499,74.7499,74.7499,74.7499,74.7499,74.7499,74.7499,74.7499,74.7499,74.7499,74.7499,74.7499,74.7499,74.7499,74.7499,74.7499,74.7499,74.7499,74.7499,74.7499,74.7499,74.7499,74.7499,74.7499,74.7499,74.7499,74.7499,74.7499,74.7499,74.7499,74.7499,74.7499,74.7499,74.7499,74.7499,74.7499,74.7499,74.7499,74.7499,74.7499,74.7499
99,70.2372,70.2372,70.2372,70.2372,70.2372,70.2372,70.2372,70.2372,70.2372,70.2372,70.2372,70.2372,70.2372,70.2372,70.2372,70.2372,70.2372,70.2372,70.2372,70.2372,70.2372,70.2372,70.2372,70.2372,70.2372,70.2372,70.2372,70.2372,70.2372,70.2372,70.2372,70.2372,70.2372,70.2372,70.2372,70.2372,70.2372,70.2372,70.2372,70.2372,70.2372,70.2372,70.2372,70.2372,70.2372,70.2372,70.2372,70.2372
100,56.5282,56.5282,56.5282,56.5282,56.5282,56.5282,56.5282,56.5282,56.5282,56.5282,56.5282,56.5282,56.5282,56.5282,56.5282,56.5282,56.5282,56.5282,56.5282,56.5282,56.5282,56.5282,56.5282,56.5282,56.5282,56.5282,56.5282,56.5282,56.5282,56.5282,56.5282,56.5282,56.5282,56.5282,56.5282,56.5282,56.5282,56.5282,56.5282,56.5282,56.5282,56.5282,56.5282,56.5282,56.5282,56.5282,56.5282,56.5282
101,55.8448,55.8448,55.8448,55.8448,55.8448,55.8448,55.8448,55.8448,55.8448,55.8448,55.8448,55.8448,55.8448,55.8448,55.8448,55.8448,55.8448,55.8448,55.8448,55.8448,55.8448,55.8448,55.8448,55.8448,55.8448,55.8448,55.8448,55.8448,55.8448,55.8448,55.8448,55.8448,55.8448,55.8448,55.8448,55.8448,55.8448,55.8448,55.8448,55.8448,55.8448,55.8448,55.8448,55.8448,55.8448,55.8448,55.8448,55.8448
102,74.2988,74.2988,74.2988,74.2988,74.2988,74.2988,74.2988,74.2988,74.2988,74.2988,74.2988,74.2988,74.2988,74.2988,74.2988,74.2988,74.2988,74.2988,74.2988,74.2988,74.2988,74.2988,74.2988,74.2988,74.2988,74.2988,74.2988,74.2988,74.2988,74.2988,74.2988,74.2988,74.2988,74.2988,74.2988,74.2988,74.2988,74.2988,74.2988,74.2988,74.2988,74.2988,74.2988,74.2988,74.2988,74.2988,74.2988,74.2988
103,71.269,71.269,71.269,71.269,71.269,71.269,71.269,71.269,71.269,71.269,71.269,71.269,71.269,71.269,71.269,71.269,71.269,71.269,71.269,71.269,71.269,71.269,71.269,71.269,71.269,71.269,71.269,71.269,71.269,71.269,71.269,71.269,71.269,71.269,71.269,71.269,71.269,71.269,71.269,71.269,71.269,71.269,71.269,71.269,71.269,71.269,71.269,71.269
104,59.566199999999995,59.566199999999995,59.566199999999995,59.566199999999995,59.566199999999995,59.566199999999995,59.566199999999995,59.566199999999995,59.566199999999995,59.566199999999995,59.566199999999995,59.566199999999995,59.566199999999995,59.566199999999995,59.566199999999995,59.566199999999995,59.566199999999995,59.566199999999995,59.566199999999995,59.566199999999995,59.566199999999995,59.566199999999995,59.566199999999995,59.566199999999995,59.566199999999995,59.566199999999995,59.566199999999995,59.566199999999995,59.566199999999995,59.566199999999995,59.566199999999995,59.566199999999995,59.566199999999995,59.566199999999995,59.566199999999995,59.566199999999995,59.566199999999995,59.566199999999995,59.566199999999995,59.566199999999995,59.566199999999995,59.566199999999995,59.566199999999995,59.566199999999995,59.566199999999995,59.566199999999995,59.566199999999995,59.566199999999995
105,60.636399999999995,60.636399999999995,60.636399999999995,60.636399999999995,60.636399999999995,60.636399999999995,60.636399999999995,60.636399999999995,60.636399999999995,60.636399999999995,60.636399999999995,60.636399999999995,60.636399999999995,60.636399999999995,60.636399999999995,60.636399999999995,60.636399999999995,60.636399999999995,60.636399999999995,60.636399999999995,60.636399999999995,60.636399999999995,60.636399999999995,60.636399999999995,60.636399999999995,60.636399999999995,60.636399999999995,60.636399999999995,60.636399999999995,60.636399999999995,60.636399999999995,60.636399999999995,60.636399999999995,60.636399999999995,60.636399999999995,60.636399999999995,60.636399999999995,60.636399999999995,60.636399999999995,60.636399999999995,60.636399999999995,60.636399999999995,60.636399999999995,60.636399999999995,60.636399999999995,60.636399999999995,60.636399999999995,60.636399999999995
106,75.3133,75.3133,75.3133,75.3133,75.3133,75.3133,75.3133,75.3133,75.3133,75.3133,75.3133,75.3133,75.3133,75.3133,75.3133,75.3133,75.3133,75.3133,75.3133,75.3133,75.3133,75.3133,75.3133,75.3133,75.3133,75.3133,75.3133,75.3133,75.3133,75.3133,75.3133,75.3133,75.3133,75.3133,75.3133,75.3133,75.3133,75.3133,75.3133,75.3133,75.3133,75.3133,75.3133,75.3133,75.3133,75.3133,75.3133,75.3133
107,72.85079999999999,72.85079999999999,72.85079999999999,72.85079999999999,72.85079999999999,72.85079999999999,72.85079999999999,72.85079999999999,72.85079999999999,72.85079999999999,72.85079999999999,72.85079999999999,72.85079999999999,72.85079999999999,72.85079999999999,72.85079999999999,72.85079999999999,72.85079999999999,72.85079999999999,72.85079999999999,72.85079999999999,72.85079999999999,72.85079999999999,72.85079999999999,72.85079999999999,72.85079999999999,72.85079999999999,72.85079999999999,72.85079999999999,72.85079999999999,72.85079999999999,72.85079999999999,72.85079999999999,72.85079999999999,72.85079999999999,72.85079999999999,72.85079999999999,72.85079999999999,72.85079999999999,72.85079999999999,72.85079999999999,72.85079999999999,72.85079999999999,72.85079999999999,72.85079999999999,72.85079999999999,72.85079999999999,72.85079999999999
108,58.7227,58.7227,58.7227,58.7227,58.7227,58.7227,58.7227,58.7227,58.7227,58.7227,58.7227,58.7227,58.7227,58.7227,58.7227,58.7227,58.7227,58.7227,58.7227,58.7227,58.7227,58.7227,58.7227,58.7227,58.7227,58.7227,58.7227,58.7227,58.7227,58.7227,58.7227,58.7227,58.7227,58.7227,58.7227,58.7227,58.7227,58.7227,58.7227,58.7227,58.7227,58.7227,58.7227,58.7227,58.7227,58.7227,58.7227,58.7227
109,59.2773,59.2773,59.2773,59.2773,59.2773,59.2773,59.2773,59.2773,59.2773,59.2773,59.2773,59.2773,59.2773,59.2773,59.2773,59.2773,59.2773,59.2773,59.2773,59.2773,59.2773,59.2773,59.2773,59.2773,59.2773,59.2773,59.2773,59.2773,59.2773,59.2773,59.2773,59.2773,59.2773,59.2773,59.2773,59.2773,59.2773,59.2773,59.2773,59.2773,59.2773,59.2773,59.2773,59.2773,59.2773,59.2773,59.2773,59.2773
110,72.2715,72.2715,72.2715,72.2715,72.2715,72.2715,72.2715,72.2715,72.2715,72.2715,72.2715,72.2715,72.2715,72.2715,72.2715,72.2715,72.2715,72.2715,72.2715,72.2715,72.2715,72.2715,72.2715,72.2715,72.2715,72.2715,72.2715,72.2715,72.2715,72.2715,72.2715,72.2715,72.2715,72.2715,72.2715,72.2715,72.2715,72.2715,72.2715,72.2715,72.2715,72.2715,72.2715,72.2715,72.2715,72.2715,72.2715,72.2715
111,71.0503,71.0503,71.0503,71.0503,71.0503,71.0503,71.0503,71.0503,71.0503,71.0503,71.0503,71.0503,71.0503,71.0503,71.0503,71.0503,71.0503,71.0503,71.0503,71.0503,71.0503,71.0503,71.0503,71.0503,71.0503,71.0503,71.0503,71.0503,71.0503,71.0503,71.0503,71.0503,71.0503,71.0503,71.0503,71.0503,71.0503,71.0503,71.0503,71.0503,71.0503,71.0503,71.0503,71.0503,71.0503,71.0503,71.0503,71.0503
112,56.8013,56.8013,56.8013,56.8013,56.8013,56.8013,56.8013,56.8013,56.8013,56.8013,56.8013,56.8013,56.8013,56.8013,56.8013,56.8013,56.8013,56.8013,56.8013,56.8013,56.8013,56.8013,56.8013,56.8013,56.8013,56.8013,56.8013,56.8013,56.8013,56.8013,56.8013,56.8013,56.8013,56.8013,56.8013,56.8013,56.8013,56.8013,56.8013,56.8013,56.8013,56.8013,56.8013,56.8013,56.8013,56.8013,56.8013,56.8013
113,58.4703,58.4703,58.4703,58.4703,58.4703,58.4703,58.4703,58.4703,58.4703,58.4703,58.4703,58.4703,58.4703,58.4703,58.4703,58.4703,58.4703,58.4703,58.4703,58.4703,58.4703,58.4703,58.4703,58.4703,58.4703,58.4703,58.4703,58.4703,58.4703,58.4703,58.4703,58.4703,58.4703,58.4703,58.4703,58.4703,58.4703,58.4703,58.4703,58.4703,58.4703,58.4703,58.4703,58.4703,58.4703,58.4703,58.4703,58.4703
114,74.6351,74.6351,74.6351,74.6351,74.6351,74.6351,74.6351,74.6351,74.6351,74.6351,74.6351,74.6351,74.6351,74.6351,74.6351,74.6351,74.6351,74.6351,74.6351,74.6351,74.6351,74.6351,74.6351,74.6351,74.6351,74.6351,74.6351,74.6351,74.6351,74.6351,74.6351,74.6351,74.6351,74.6351,74.6351,74.6351,74.6351,74.6351,74.6351,74.6351,74.6351,74.6351,74.6351,74.6351,74.6351,74.6351,74.6351,74.6351
115,70.94810000000001,70.94810000000001,70.94810000000001,70.94810000000001,70.94810000000001,70.94810000000001,70.94810000000001,70.94810000000001,70.94810000000001,70.94810000000001,70.94810000000001,70.94810000000001,70.94810000000001,70.94810000000001,70.94810000000001,70.94810000000001,70.94810000000001,70.94810000000001,70.94810000000001,70.94810000000001,70.94810000000001,70.94810000000001,70.94810000000001,70.94810000000001,70.94810000000001,70.94810000000001,70.94810000000001,70.94810000000001,70.94810000000001,70.94810000000001,70.94810000000001,70.94810000000001,70.94810000000001,70.94810000000001,70.94810000000001,70.94810000000001,70.94810000000001,70.94810000000001,70.94810000000001,70.94810000000001,70.94810000000001,70.94810000000001,70.94810000000001,70.94810000000001,70.94810000000001,70.94810000000001,70.94810000000001,70.94810000000001
116,57.480900000000005,57.480900000000005,57.480900000000005,57.480900000000005,57.480900000000005,57.480900000000005,57.480900000000005,57.480900000000005,57.480900000000005,57.480900000000005,57.480900000000005,57.480900000000005,57.480900000000005,57.480900000000005,57.480900000000005,57.480900000000005,57.480900000000005,57.480900000000005,57.480900000000005,57.480900000000005,57.480900000000005,57.480900000000005,57.480900000000005,57.480900000000005,57.480900000000005,57.480900000000005,57.480900000000005,57.480900000000005,57.480900000000005,57.480900000000005,57.480900000000005,57.480900000000005,57.480900000000005,57.480900000000005,57.480900000000005,57.480900000000005,57.480900000000005,57.480900000000005,57.480900000000005,57.480900000000005,57.480900000000005,57.480900000000005,57.480900000000005,57.480900000000005,57.480900000000005,57.480900000000005,57.480900000000005,57.480900000000005
117,59.2516,59.2516,59.2516,59.2516,59.2516,59.2516,59.2516,59.2516,59.2516,59.2516,59.2516,59.2516,59.2516,59.2516,59.2516,59.2516,59.2516,59.2516,59.2516,59.2516,59.2516,59.2516,59.2516,59.2516,59.2516,59.2516,59.2516,59.2516,59.2516,59.2516,59.2516,59.2516,59.2516,59.2516,59.2516,59.2516,59.2516,59.2516,59.2516,59.2516,59.2516,59.2516,59.2516,59.2516,59.2516,59.2516,59.2516,59.2516
118,75.8025,75.8025,75.8025,75.8025,75.8025,75.8025,75.8025,75.8025,75.8025,75.8025,75.8025,75.8025,75.8025,75.8025,75.8025,75.8025,75.8025,75.8025,75.8025,75.8025,75.8025,75.8025,75.8025,75.8025,75.8025,75.8025,75.8025,75.8025,75.8025,75.8025,75.8025,75.8025,75.8025,75.8025,75.8025,75.8025,75.8025,75.8025,75.8025,75.8025,75.8025,75.8025,75.8025,75.8025,75.8025,75.8025,75.8025,75.8025
119,74.1231,74.1231,74.1231,74.1231,74.1231,74.1231,74.1231,74.1231,74.1231,74.1231,74.1231,74.1231,74.1231,74.1231,74.1231,74.1231,74.1231,74.1231,74.1231,74.1231,74.1231,74.1231,74.1231,74.1231,74.1231,74.1231,74.1231,74.1231,74.1231,74.1231,74.1231,74.1231,74.1231,74.1231,74.1231,74.1231,74.1231,74.1231,74.1231,74.1231,74.1231,74.1231,74.1231,74.1231,74.1231,74.1231,74.1231,74.1231
120,60.9216,60.9216,60.9216,60.9216,60.9216,60.9216,60.9216,60.9216,60.9216,60.9216,60.9216,60.9216,60.9216,60.9216,60.9216,60.9216,60.9216,60.9216,60.9216,60.9216,60.9216,60.9216,60.9216,60.9216,60.9216,60.9216,60.9216,60.9216,60.9216,60.9216,60.9216,60.9216,60.9216,60.9216,60.9216,60.9216,60.9216,60.9216,60.9216,60.9216,60.9216,60.9216,60.9216,60.9216,60.9216,60.9216,60.9216,60.9216
121,60.280300000000004,60.280300000000004,60.280300000000004,60.280300000000004,60.280300000000004,60.280300000000004,60.280300000000004,60.280300000000004,60.280300000000004,60.280300000000004,60.280300000000004,60.280300000000004,60.280300000000004,60.280300000000004,60.280300000000004,60.280300000000004,60.280300000000004,60.280300000000004,60.280300000000004,60.280300000000004,60.280300000000004,60.280300000000004,60.280300000000004,60.280300000000004,60.280300000000004,60.280300000000004,60.280300000000004,60.280300000000004,60.280300000000004,60.280300000000004,60.280300000000004,60.280300000000004,60.280300000000004,60.280300000000004,60.280300000000004,60.280300000000004,60.280300000000004,60.280300000000004,60.280300000000004,60.280300000000004,60.280300000000004,60.280300000000004,60.280300000000004,60.280300000000004,60.280300000000004,60.280300000000004,60.280300000000004,60.280300000000004
122,74.5176,74.5176,74.5176,74.5176,74.5176,74.5176,74.5176,74.5176,74.5176,74.5176,74.5176,74.5176,74.5176,74.5176,74.5176,74.5176,74.5176,74.5176,74.5176,74.5176,74.5176,74.5176,74.5176,74.5176,74.5176,74.5176,74.5176,74.5176,74.5176,74.5176,74.5176,74.5176,74.5176,74.5176,74.5176,74.5176,74.5176,74.5176,74.5176,74.5176,74.5176,74.5176,74.5176,74.5176,74.5176,74.5176,74.5176,74.5176
123,69.374,69.374,69.374,69.374,69.374,69.374,69.374,69.374,69.374,69.374,69.374,69.374,69.374,69.374,69.374,69.374,69.374,69.374,69.374,69.374,69.374,69.374,69.374,69.374,69.374,69.374,69.374,69.374,69.374,69.374,69.374,69.374,69.374,69.374,69.374,69.374,69.374,69.374,69.374,69.374,69.374,69.374,69.374,69.374,69.374,69.374,69.374,69.374
124,57.279300000000006,57.279300000000006,57.279300000000006,57.279300000000006,57.279300000000006,57.279300000000006,57.279300000000006,57.279300000000006,57.279300000000006,57.279300000000006,57.279300000000006,57.279300000000006,57.279300000000006,57.279300000000006,57.279300000000006,57.279300000000006,57.279300000000006,57.279300000000006,57.279300000000006,57.279300000000006,57.279300000000006,57.279300000000006,57.279300000000006,57.279300000000006,57.279300000000006,57.279300000000006,57.279300000000006,57.279300000000006,57.279300000000006,57.279300000000006,57.279300000000006,57.279300000000006,57.279300000000006,57.279300000000006,57.279300000000006,57.279300000000006,57.279300000000006,57.279300000000006,57.279300000000006,57.279300000000006,57.279300000000006,57.279300000000006,57.279300000000006,57.279300000000006,57.279300000000006,57.279300000000006,57.279300000000006,57.279300000000006
125,59.3554,59.3554,59.3554,59.3554,59.3554,59.3554,59.3554,59.3554,59.3554,59.3554,59.3554,59.3554,59.3554,59.3554,59.3554,59.3554,59.3554,59.3554,59.3554,59.3554,59.3554,59.3554,59.3554,59.3554,59.3554,59.3554,59.3554,59.3554,59.3554,59.3554,59.3554,59.3554,59.3554,59.3554,59.3554,59.3554,59.3554,59.3554,59.3554,59.3554,59.3554,59.3554,59.3554,59.3554,59.3554,59.3554,59.3554,59.3554
126,74.0489,74.0489,74.0489,74.0489,74.0489,74.0489,74.0489,74.0489,74.0489,74.0489,74.0489,74.0489,74.0489,74.0489,74.0489,74.0489,74.0489,74.0489,74.0489,74.0489,74.0489,74.0489,74.0489,74.0489,74.0489,74.0489,74.0489,74.0489,74.0489,74.0489,74.0489,74.0489,74.0489,74.0489,74.0489,74.0489,74.0489,74.0489,74.0489,74.0489,74.0489,74.0489,74.0489,74.0489,74.0489,74.0489,74.0489,74.0489
127,70.3255,70.3255,70.3255,70.3255,70.3255,70.3255,70.3255,70.3255,70.3255,70.3255,70.3255,70.3255,70.3255,70.3255,70.3255,70.3255,70.3255,70.3255,70.3255,70.3255,70.3255,70.3255,70.3255,70.3255,70.3255,70.3255,70.3255,70.3255,70.3255,70.3255,70.3255,70.3255,70.3255,70.3255,70.3255,70.3255,70.3255,70.3255,70.3255,70.3255,70.3255,70.3255,70.3255,70.3255,70.3255,70.3255,70.3255,70.3255
128,59.9273,59.9273,59.9273,59.9273,59.9273,59.9273,59.9273,59.9273,59.9273,59.9273,59.9273,59.9273,59.9273,59.9273,59.9273,59.9273,59.9273,59.9273,59.9273,59.9273,59.9273,59.9273,59.9273,59.9273,59.9273,59.9273,59.9273,59.9273,59.9273,59.9273,59.9273,59.9273,59.9273,59.9273,59.9273,59.9273,59.9273,59.9273,59.9273,59.9273,59.9273,59.9273,59.9273,59.9273,59.9273,59.9273,59.9273,59.9273
129,61.275499999999994,61.275499999999994,61.275499999999994,61.275499999999994,61.275499999999994,61.275499999999994,61.275499999999994,61.275499999999994,61.275499999999994,61.275499999999994,61.275499999999994,61.275499999999994,61.275499999999994,61.275499999999994,61.275499999999994,61.275499999999994,61.275499999999994,61.275499999999994,61.275499999999994,61.275499999999994,61.275499999999994,61.275499999999994,61.275499999999994,61.275499999999994,61.275499999999994,61.275499999999994,61.275499999999994,61.275499999999994,61.275499999999994,61.275499999999994,61.275499999999994,61.275499999999994,61.275499999999994,61.275499999999994,61.275499999999994,61.275499999999994,61.275499999999994,61.275499999999994,61.275499999999994,61.275499999999994,61.275499999999994,61.275499999999994,61.275499999999994,61.275499999999994,61.275499999999994,61.275499999999994,61.275499999999994,61.275499999999994
130,73.5292,73.5292,73.5292,73.5292,73.5292,73.5292,73.5292,73.5292,73.5292,73.5292,73.5292,73.5292,73.5292,73.5292,73.5292,73.5292,73.5292,73.5292,73.5292,73.5292,73.5292,73.5292,73.5292,73.5292,73.5292,73.5292,73.5292,73.5292,73.5292,73.5292,73.5292,73.5292,73.5292,73.5292,73.5292,73.5292,73.5292,73.5292,73.5292,73.5292,73.5292,73.5292,73.5292,73.5292,73.5292,73.5292,73.5292,73.5292
131,73.4416,73.4416,73.4416,73.4416,73.4416,73.4416,73.4416,73.4416,73.4416,73.4416,73.4416,73.4416,73.4416,73.4416,73.4416,73.4416,73.4416,73.4416,73.4416,73.4416,73.4416,73.4416,73.4416,73.4416,73.4416,73.4416,73.4416,73.4416,73.4416,73.4416,73.4416,73.4416,73.4416,73.4416,73.4416,73.4416,73.4416,73.4416,73.4416,73.4416,73.4416,73.4416,73.4416,73.4416,73.4416,73.4416,73.4416,73.4416
132,61.8739,61.8739,61.8739,61.8739,61.8739,61.8739,61.8739,61.8739,61.8739,61.8739,61.8739,61.8739,61.8739,61.8739,61.8739,61.8739,61.8739,61.8739,61.8739,61.8739,61.8739,61.8739,61.8739,61.8739,61.8739,61.8739,61.8739,61.8739,61.8739,61.8739,61.8739,61.8739,61.8739,61.8739,61.8739,61.8739,61.8739,61.8739,61.8739,61.8739,61.8739,61.8739,61.8739,61.8739,61.8739,61.8739,61.8739,61.8739
133,67.179,67.179,67.179,67.179,67.179,67.179,67.179,67.179,67.179,67.179,67.179,67.179,67.179,67.179,67.179,67.179,67.179,67.179,67.179,67.179,67.179,67.179,67.179,67.179,67.179,67.179,67.179,67.179,67.179,67.179,67.179,67.179,67.179,67.179,67.179,67.179,67.179,67.179,67.179,67.179,67.179,67.179,67.179,67.179,67.179,67.179,67.179,67.179
134,78.3232,78.3232,78.3232,78.3232,78.3232,78.3232,78.3232,78.3232,78.3232,78.3232,78.3232,78.3232,78.3232,78.3232,78.3232,78.3232,78.3232,78.3232,78.3232,78.3232,78.3232,78.3232,78.3232,78.3232,78.3232,78.3232,78.3232,78.3232,78.3232,78.3232,78.3232,78.3232,78.3232,78.3232,78.3232,78.3232,78.3232,78.3232,78.3232,78.3232,78.3232,78.3232,78.3232,78.3232,78.3232,78.3232,78.3232,78.3232
135,69.735,69.735,69.735,69.735,69.735,69.735,69.735,69.735,69.735,69.735,69.735,69.735,69.735,69.735,69.735,69.735,69.735,69.735,69.735,69.735,69.735,69.735,69.735,69.735,69.735,69.735,69.735,69.735,69.735,69.735,69.735,69.735,69.735,69.735,69.735,69.735,69.735,69.735,69.735,69.735,69.735,69.735,69.735,69.735,69.735,69.735,69.735,69.735
136,60.4779,60.4779,60.4779,60.4779,60.4779,60.4779,60.4779,60.4779,60.4779,60.4779,60.4779,60.4779,60.4779,60.4779,60.4779,60.4779,60.4779,60.4779,60.4779,60.4779,60.4779,60.4779,60.4779,60.4779,60.4779,60.4779,60.4779,60.4779,60.4779,60.4779,60.4779,60.4779,60.4779,60.4779,60.4779,60.4779,60.4779,60.4779,60.4779,60.4779,60.4779,60.4779,60.4779,60.4779,60.4779,60.4779,60.4779,60.4779
137,69.13499999999999,69.13499999999999,69.13499999999999,69.13499999999999,69.13499999999999,69.13499999999999,69.13499999999999,69.13499999999999,69.13499999999999,69.13499999999999,69.13499999999999,69.13499999999999,69.13499999999999,69.13499999999999,69.13499999999999,69.13499999999999,69.13499999999999,69.13499999999999,69.13499999999999,69.13499999999999,69.13499999999999,69.13499999999999,69.13499999999999,69.13499999999999,69.13499999999999,69.13499999999999,69.13499999999999,69.13499999999999,69.13499999999999,69.13499999999999,69.13499999999999,69.13499999999999,69.13499999999999,69.13499999999999,69.13499999999999,69.13499999999999,69.13499999999999,69.13499999999999,69.13499999999999,69.13499999999999,69.13499999999999,69.13499999999999,69.13499999999999,69.13499999999999,69.13499999999999,69.13499999999999,69.13499999999999,69.13499999999999
138,80.56110000000001,80.56110000000001,80.56110000000001,80.56110000000001,80.56110000000001,80.56110000000001,80.56110000000001,80.56110000000001,80.56110000000001,80.56110000000001,80.56110000000001,80.56110000000001,80.56110000000001,80.56110000000001,80.56110000000001,80.56110000000001,80.56110000000001,80.56110000000001,80.56110000000001,80.56110000000001,80.56110000000001,80.56110000000001,80.56110000000001,80.56110000000001,80.56110000000001,80.56110000000001,80.56110000000001,80.56110000000001,80.56110000000001,80.56110000000001,80.56110000000001,80.56110000000001,80.56110000000001,80.56110000000001,80.56110000000001,80.56110000000001,80.56110000000001,80.56110000000001,80.56110000000001,80.56110000000001,80.56110000000001,80.56110000000001,80.56110000000001,80.56110000000001,80.56110000000001,80.56110000000001,80.56110000000001,80.56110000000001
139,68.43299999999999,68.43299999999999,68.43299999999999,68.43299999999999,68.43299999999999,68.43299999999999,68.43299999999999,68.43299999999999,68.43299999999999,68.43299999999999,68.43299999999999,68.43299999999999,68.43299999999999,68.43299999999999,68.43299999999999,68.43299999999999,68.43299999999999,68.43299999999999,68.43299999999999,68.43299999999999,68.43299999999999,68.43299999999999,68.43299999999999,68.43299999999999,68.43299999999999,68.43299999999999,68.43299999999999,68.43299999999999,68.43299999999999,68.43299999999999,68.43299999999999,68.43299999999999,68.43299999999999,68.43299999999999,68.43299999999999,68.43299999999999,68.43299999999999,68.43299999999999,68.43299999999999,68.43299999999999,68.43299999999999,68.43299999999999,68.43299999999999,68.43299999999999,68.43299999999999,68.43299999999999,68.43299999999999,68.43299999999999
140,57.465199999999996,57.465199999999996,57.465199999999996,57.465199999999996,57.465199999999996,57.465199999999996,57.465199999999996,57.465199999999996,57.465199999999996,57.465199999999996,57.465199999999996,57.465199999999996,57.465199999999996,57.465199999999996,57.465199999999996,57.465199999999996,57.465199999999996,57.465199999999996,57.465199999999996,57.465199999999996,57.465199999999996,57.465199999999996,57.465199999999996,57.465199999999996,57.465199999999996,57.465199999999996,57.465199999999996,57.465199999999996,57.465199999999996,57.465199999999996,57.465199999999996,57.465199999999996,57.465199999999996,57.465199999999996,57.465199999999996,57.465199999999996,57.465199999999996,57.465199999999996,57.465199999999996,57.465199999999996,57.465199999999996,57.465199999999996,57.465199999999996,57.465199999999996,57.465199999999996,57.465199999999996,57.465199999999996,57.465199999999996
141,61.719899999999996,61.719899999999996,61.719899999999996,61.719899999999996,61.719899999999996,61.719899999999996,61.719899999999996,61.719899999999996,61.719899999999996,61.719899999999996,61.719899999999996,61.719899999999996,61.719899999999996,61.719899999999996,61.719899999999996,61.719899999999996,61.719899999999996,61.719899999999996,61.719899999999996,61.719899999999996,61.719899999999996,61.719899999999996,61.719899999999996,61.719899999999996,61.719899999999996,61.719899999999996,61.719899999999996,61.719899999999996,61.719899999999996,61.719899999999996,61.719899999999996,61.719899999999996,61.719899999999996,61.719899999999996,61.719899999999996,61.719899999999996,61.719899999999996,61.719899999999996,61.719899999999996,61.719899999999996,61.719899999999996,61.719899999999996,61.719899999999996,61.719899999999996,61.719899999999996,61.719899999999996,61.719899999999996,61.719899999999996
142,75.2748,75.2748,75.2748,75.2748,75.2748,75.2748,75.2748,75.2748,75.2748,75.2748,75.2748,75.2748,75.2748,75.2748,75.2748,75.2748,75.2748,75.2748,75.2748,75.2748,75.2748,75.2748,75.2748,75.2748,75.2748,75.2748,75.2748,75.2748,75.2748,75.2748,75.2748,75.2748,75.2748,75.2748,75.2748,75.2748,75.2748,75.2748,75.2748,75.2748,75.2748,75.2748,75.2748,75.2748,75.2748,75.2748,75.2748,75.2748
143,65.44069999999999,65.44069999999999,65.44069999999999,65.44069999999999,65.44069999999999,65.44069999999999,65.44069999999999,65.44069999999999,65.44069999999999,65.44069999999999,65.44069999999999,65.44069999999999,65.44069999999999,65.44069999999999,65.44069999999999,65.44069999999999,65.44069999999999,65.44069999999999,65.44069999999999,65.44069999999999,65.44069999999999,65.44069999999999,65.44069999999999,65.44069999999999,65.44069999999999,65.44069999999999,65.44069999999999,65.44069999999999,65.44069999999999,65.44069999999999,65.44069999999999,65.44069999999999,65.44069999999999,65.44069999999999,65.44069999999999,65.44069999999999,65.44069999999999,65.44069999999999,65.44069999999999,65.44069999999999,65.44069999999999,65.44069999999999,65.44069999999999,65.44069999999999,65.44069999999999,65.44069999999999,65.44069999999999,65.44069999999999
144,56.8116,56.8116,56.8116,56.8116,56.8116,56.8116,56.8116,56.8116,56.8116,56.8116,56.8116,56.8116,56.8116,56.8116,56.8116,56.8116,56.8116,56.8116,56.8116,56.8116,56.8116,56.8116,56.8116,56.8116,56.8116,56.8116,56.8116,56.8116,56.8116,56.8116,56.8116,56.8116,56.8116,56.8116,56.8116,56.8116,56.8116,56.8116,56.8116,56.8116,56.8116,56.8116,56.8116,56.8116,56.8116,56.8116,56.8116,56.8116
145,65.5572,65.5572,65.5572,65.5572,65.5572,65.5572,65.5572,65.5572,65.5572,65.5572,65.5572,65.5572,65.5572,65.5572,65.5572,65.5572,65.5572,65.5572,65.5572,65.5572,65.5572,65.5572,65.5572,65.5572,65.5572,65.5572,65.5572,65.5572,65.5572,65.5572,65.5572,65.5572,65.5572,65.5572,65.5572,65.5572,65.5572,65.5572,65.5572,65.5572,65.5572,65.5572,65.5572,65.5572,65.5572,65.5572,65.5572,65.5572
146,77.2076,77.2076,77.2076,77.2076,77.2076,77.2076,77.2076,77.2076,77.2076,77.2076,77.2076,77.2076,77.2076,77.2076,77.2076,77.2076,77.2076,77.2076,77.2076,77.2076,77.2076,77.2076,77.2076,77.2076,77.2076,77.2076,77.2076,77.2076,77.2076,77.2076,77.2076,77.2076,77.2076,77.2076,77.2076,77.2076,77.2076,77.2076,77.2076,77.2076,77.2076,77.2076,77.2076,77.2076,77.2076,77.2076,77.2076,77.2076
147,65.8756,65.8756,65.8756,65.8756,65.8756,65.8756,65.8756,65.8756,65.8756,65.8756,65.8756,65.8756,65.8756,65.8756,65.8756,65.8756,65.8756,65.8756,65.8756,65.8756,65.8756,65.8756,65.8756,65.8756,65.8756,65.8756,65.8756,65.8756,65.8756,65.8756,65.8756,65.8756,65.8756,65.8756,65.8756,65.8756,65.8756,65.8756,65.8756,65.8756,65.8756,65.8756,65.8756,65.8756,65.8756,65.8756,65.8756,65.8756
148,56.87429999999999,56.87429999999999,56.87429999999999,56.87429999999999,56.87429999999999,56.87429999999999,56.87429999999999,56.87429999999999,56.87429999999999,56.87429999999999,56.87429999999999,56.87429999999999,56.87429999999999,56.87429999999999,56.87429999999999,56.87429999999999,56.87429999999999,56.87429999999999,56.87429999999999,56.87429999999999,56.87429999999999,56.87429999999999,56.87429999999999,56.87429999999999,56.87429999999999,56.87429999999999,56.87429999999999,56.87429999999999,56.87429999999999,56.87429999999999,56.87429999999999,56.87429999999999,56.87429999999999,56.87429999999999,56.87429999999999,56.87429999999999,56.87429999999999,56.87429999999999,56.87429999999999,56.87429999999999,56.87429999999999,56.87429999999999,56.87429999999999,56.87429999999999,56.87429999999999,56.87429999999999,56.87429999999999,56.87429999999999
149,64.3942,64.3942,64.3942,64.3942,64.3942,64.3942,64.3942,64.3942,64.3942,64.3942,64.3942,64.3942,64.3942,64.3942,64.3942,64.3942,64.3942,64.3942,64.3942,64.3942,64.3942,64.3942,64.3942,64.3942,64.3942,64.3942,64.3942,64.3942,64.3942,64.3942,64.3942,64.3942,64.3942,64.3942,64.3942,64.3942,64.3942,64.3942,64.3942,64.3942,64.3942,64.3942,64.3942,64.3942,64.3942,64.3942,64.3942,64.3942
150,78.1212,78.1212,78.1212,78.1212,78.1212,78.1212,78.1212,78.1212,78.1212,78.1212,78.1212,78.1212,78.1212,78.1212,78.1212,78.1212,78.1212,78.1212,78.1212,78.1212,78.1212,78.1212,78.1212,78.1212,78.1212,78.1212,78.1212,78.1212,78.1212,78.1212,78.1212,78.1212,78.1212,78.1212,78.1212,78.1212,78.1212,78.1212,78.1212,78.1212,78.1212,78.1212,78.1212,78.1212,78.1212,78.1212,78.1212,78.1212
